[
{"name": "Dr Ken Cheng Siu-kei", "text": "Areas of Scholarship: Phonology Cantonese Linguistics Chinese Language Teaching and Assessment Teaching: Chinese Language & Communication Requirement (LCR) Chinese Discipline-Specific Requirement (DSR) - Faculty of Applied Science and Textiles - Faculty of Business - Faculty of Health and Social Sciences Chinese subjects for Non-Chinese Speaking Students (NCS) Others - An Exploration of Chinese Characters and Scripts - Elementary Cantonese (Taught in English) - Intermediate Cantonese (Taught in English) - Description of Chinese II: Sounds and Script", "url": "https://www.polyu.edu.hk/clc/people/academic-staff/dr-ken-sk-cheng/?sc_lang=en", "appendix": "Chinese Language Centre"},
{"name": "Dr Lam On", "text": "Areas of Scholarship: Chinese Linguistics Chinese Language Education Teaching: Chinese Language & Communication Requirement (LCR) Chinese Discipline-Specific Requirement (DSR) - Faculty of Business - School of Design Others - 中文及多媒體 - 香港中國語文校本課程的發展與實施", "url": "https://www.polyu.edu.hk/clc/people/academic-staff/dr-lam-on/?sc_lang=en", "appendix": "Chinese Language Centre"},
{"name": "Dr Josef Chan Chi-leung", "text": "Areas of Scholarship Educational Measurement Chinese Language Teaching Teaching Chinese as a Foreign Language Teaching: Chinese Language & Communication Requirement (LCR) Chinese Discipline-Specific Requirement (DSR) - Faculty of Applied Science and Textiles - Faculty of Engineering - Faculty of Health and Social Sciences Chinese Subjects for Non-Chinese Speaking Students (NCS)", "url": "https://www.polyu.edu.hk/clc/people/academic-staff/dr-josef-chan-chi-leung/?sc_lang=en", "appendix": "Chinese Language Centre"},
{"name": "Dr Joan Chau Chan Wai-yi", "text": "Areas of Scholarship: Chinese Language and Literature Chinese Language Education Practical Chinese Writing Cantonese Studies Teaching: Chinese Language & Communication Requirement (LCR) Chinese Discipline-Specific Requirement (DSR) - Faculty of Applied Science and Textiles - Faculty of Construction and Environment - Faculty of Engineering Others - An Exploration of Chinese Characters and Scripts - Elementary Cantonese (Taught in English) - 語文專業中文傳意", "url": "https://www.polyu.edu.hk/clc/people/academic-staff/dr-joan-wy-chau/?sc_lang=en", "appendix": "Chinese Language Centre"},
{"name": "Dr William Cheung Chi-kan", "text": "Areas of Scholarship: Chinese Society & Culture Chinese History (Pre-Qin Period) Chinese Paleography Chinese Dialectology Ming & Qing Fictions Teaching: Chinese Language & Communication Requirement (LCR) Chinese Discipline-Specific Requirement (DSR) - Faculty of Applied Science and Textiles - Faculty of Health and Social Sciences - Faculty of Humanities - School of Hotel and Tourism Management Others - 中國文化概論與古籍導讀 - Ming & Qing Fictions", "url": "https://www.polyu.edu.hk/clc/people/academic-staff/dr-william-cheung-chi-kan/?sc_lang=en", "appendix": "Chinese Language Centre"},
{"name": "Dr Lam Yan-yan", "text": "Areas of Scholarship: Cantonese Linguistics Teaching Chinese as a Foreign Language Chinese Language Teaching Teaching: Chinese Language & Communication Requirement (LCR) Chinese Discipline-Specific Requirement (DSR) - Faculty of Business - Faculty of Construction and Environment Chinese Subjects for Non-Chinese Speaking Students (NCS) Others - Elementary Cantonese (Taught in English) - Elementary Cantonese (Taught in Putonghua) - Intermediate Cantonese (Taught in English) - Language Arts for Community Projects: Teaching Chinese as a Service Learning Experience - Professional Language Skills and Project Preparation (by Collection/ by Thesis)", "url": "https://www.polyu.edu.hk/clc/people/academic-staff/dr-lam-yan-yan/?sc_lang=en", "appendix": "Chinese Language Centre"},
{"name": "Miss Helen Ma Hak-wan", "text": "Areas of Scholarship: Classical Chinese Literature Language Education Teaching: Chinese Language & Communication Requirement (LCR) Chinese Discipline-Specific Requirement (DSR) - Faculty of Applied Science and Textiles - Faculty of Engineering - Faculty of Health and Social Sciences Others - Language Arts for Community Projects: Teaching Chinese as a Service Learning Experience (CLC2S03)", "url": "https://www.polyu.edu.hk/clc/people/academic-staff/ms-helen-hw-ma/?sc_lang=en", "appendix": "Chinese Language Centre"},
{"name": "Dr Miao Chuanjiang", "text": "Areas of Scholarship/ Teaching: Areas of Scholarship: Applied Linguistics Corpus Linguistics Natural Language Processing (NLP) Computer-Aided Language Learning (CALL) Chinese Language Education Teaching: Chinese Language & Communication Requirement (LCR) Chinese Discipline-Specific Requirement (DSR) - Faculty of Applied Science and Textiles - Faculty of Construction and Environment - Faculty of Engineering - Faculty of Health and Social Sciences - School of Hotel and Tourism Management Chinese Subjects for Non-Chinese Speaking Students (NCS) Others - Machine Aided Translation", "url": "https://www.polyu.edu.hk/clc/people/academic-staff/dr-miao-chuan-jiang/?sc_lang=en", "appendix": "Chinese Language Centre"},
{"name": "Dr David Yuen Chun-wah", "text": "Areas of Scholarship: Chinese Language and Linguistics Phonology Putonghua Education Teaching Chinese as a Second Language Translation Teaching: Chinese Language & Communication Requirement (LCR) Chinese Discipline-Specific Requirement (DSR) - Faculty of Engineering - Faculty of Health and Social Sciences Chinese Subjects for Non-Chinese Speaking Students (NCS) - Elementary Cantonese for Non-Chinese Speaking Students (CBS1153) Others - Teaching Chinese as a Second Language in Local Schools (CBS2S05)", "url": "https://www.polyu.edu.hk/clc/people/academic-staff/dr-david-yuen/?sc_lang=en", "appendix": "Chinese Language Centre"},
{"name": "Dr Chan Che-shan", "text": "Areas of Scholarship: Classical Chinese Literature Du Fu Poetics Qian Qianyi Poetics Poetics of the Ming-Qing Transition Teaching: Chinese Language & Communication Requirement (LCR) Chinese Discipline-Specific Requirement (DSR) - Faculty of Applied Science and Textiles - Faculty of Construction and Environment - Faculty of Engineering - Faculty of Humanities Others - 文學理論與中國現當代文學", "url": "https://www.polyu.edu.hk/clc/people/academic-staff/dr-chan-che-shan/?sc_lang=en", "appendix": "Chinese Language Centre"},
{"name": "Dr Chan Chi-wang", "text": "Areas of Scholarship: Chinese Literature Teaching: Chinese Language & Communication Requirement (LCR) Chinese Discipline-Specific Requirement (DSR) - Faculty of Applied Science and Textiles - Faculty of Construction and Environment - Faculty of Health and Social Sciences - Faculty of Humanities - School of Design Others - 明清小說 - 文學理論及現代文學 - 唐宋詩 - 四大名著欣賞", "url": "https://www.polyu.edu.hk/clc/people/academic-staff/dr-chan-chi-wang/?sc_lang=en", "appendix": "Chinese Language Centre"},
{"name": "Dr Jenny Chau Chi-ping", "text": "Areas of Scholarship: Teach Chinese as a Second Language Teaching: Chinese Language & Communication Requirement (LCR) Chinese Discipline-Specific Requirement (DSR) - Faculty of Applied Science and Textiles - Faculty of Business - Faculty of Engineering - School of Hotel and Tourism Management Chinese Subjects for Non-Chinese Speaking Students (NCS)", "url": "https://www.polyu.edu.hk/clc/people/academic-staff/ms-chau-chi-ping/?sc_lang=en", "appendix": "Chinese Language Centre"},
{"name": "Dr Sally Cheung Ching-yu", "text": "Areas of Scholarship: Chinese Language Teaching and Testing Teaching: Chinese Language & Communication Requirement (LCR) Chinese Discipline-Specific Requirement (DSR) - Faculty of Business - Faculty of Health and Social Sciences Chinese Subjects for Non-Chinese Speaking Students (NCS) Others - HKDSE 中文科選修單元教師培訓課程 - 任教非華語學生之教師培訓課程 - 普通話教學法教師培訓課程 - 職業普通話 (警務人員) - 職業普通話 (機師與空服人員) - 商貿普通話 - 對外漢語 (衛安總部管理階層)", "url": "https://www.polyu.edu.hk/clc/people/academic-staff/dr-sally-cheung-ching-yu/?sc_lang=en", "appendix": "Chinese Language Centre"},
{"name": "Dr Cheung Yuen-Man", "text": "Areas of Scholarship: Modern Chinese Literature Teaching: Chinese Language & Communication Requirement (LCR) Chinese Discipline-Specific Requirement (DSR) - Faculty of Construction and Environment - Faculty of Engineering - Faculty of Humanities Others - 香港文學", "url": "https://www.polyu.edu.hk/clc/people/academic-staff/dr-cheung-yuen-man/?sc_lang=en", "appendix": "Chinese Language Centre"},
{"name": "Mr Chiu Kwok-kei", "text": "Areas of Scholarship: Chinese Etymology Chinese Phonology Chinese Dialectology Teaching: Chinese Language & Communication Requirement (LCR) Chinese Discipline-Specific Requirement (DSR) - Faculty of Construction and Environment - Faculty of Engineering - Faculty of Health and Social Sciences", "url": "https://www.polyu.edu.hk/clc/people/academic-staff/mr-chiu-kwok-kei/?sc_lang=en", "appendix": "Chinese Language Centre"},
{"name": "Ms Choi Yuk-ling", "text": "Areas of Scholarship: Classical Chinese Literature Teaching: Chinese Language & Communication Requirement (LCR) Chinese Discipline-Specific Requirement (DSR) - Faculty of Business - Faculty of Construction and Environment - Faculty of Health and Social Sciences", "url": "https://www.polyu.edu.hk/clc/people/academic-staff/ms-choi-yuk-ling/?sc_lang=en", "appendix": "Chinese Language Centre"},
{"name": "Dr Ho Tsz-hing", "text": "Areas of Scholarship: Classical Chinese Literature Poetics of Song Dynasty Classical Prose of Ming Dynasty Studies of Ci-Poetry Teaching: Chinese Language & Communication Requirement (LCR) Chinese Discipline-Specific Requirement (DSR) - Faculty of Applied Science and Textiles", "url": "https://www.polyu.edu.hk/clc/people/academic-staff/dr-ho-tsz-hing/?sc_lang=en", "appendix": "Chinese Language Centre"},
{"name": "Ms Peggy Kwok Siu-kuen", "text": "Areas of Scholarship: Linguistics Chinese Communication and Teaching Chinese as a Second Language Teaching: Chinese Language & Communication Requirement (LCR) Chinese Discipline-Specific Requirement (DSR) - Faculty of Construction and Environment - Faculty of Engineering - Faculty of Humanities - School of Hotel and Tourism Management Chinese Subjects for Non-Chinese Speaking Students (NCS)", "url": "https://www.polyu.edu.hk/clc/people/academic-staff/ms-peggy-kwok-siu-kuen/?sc_lang=en", "appendix": "Chinese Language Centre"},
{"name": "Dr Lam Chuen-pan", "text": "Areas of Scholarship: Classical Chinese Literature Studies of Ci-Poetry Poetics of Qing Dynasty Teaching: Chinese Language & Communication Requirement (LCR) Chinese Discipline-Specific Requirement (DSR) - Faculty of Business - Faculty of Humanities Others - The Art of Literary and Practical Chinese Writing (CC3161P) - Discovering Chinese Literature in Hong Kong (CC2C26P)", "url": "https://www.polyu.edu.hk/clc/people/academic-staff/dr-lam-chuen-pan/?sc_lang=en", "appendix": "Chinese Language Centre"},
{"name": "Dr Lam Yee-man", "text": "Areas of Scholarship: Modern and Contemporary Chinese Literature Chinese Language Teaching Teaching: Chinese Language & Communication Requirement (LCR) Chinese Discipline-Specific Requirement (DSR) - Faculty of Business - Faculty of Engineering - Faculty of Health and Social Sciences - School of Design Others - Selected Readings of Vernacular Fiction (CBS545)", "url": "https://www.polyu.edu.hk/clc/people/academic-staff/dr-lam-yee-man/?sc_lang=en", "appendix": "Chinese Language Centre"},
{"name": "Dr Lee Yat-hong", "text": "Areas of Scholarship: Literature in Ming-Qing Dynasties Ci-poetry Creative Writing Editing Media & Cultural Curation Teaching: Chinese Language & Communication Requirement (LCR) Others", "url": "https://www.polyu.edu.hk/clc/people/academic-staff/dr-lee-yat-hong/?sc_lang=en", "appendix": "Chinese Language Centre"},
{"name": "Ms Shafi Li Aijun", "text": "Areas of Scholarship: Teaching of Chinese and Putonghua Teaching: Chinese Language & Communication Requirement (LCR) Chinese Discipline-Specific Requirement (DSR) - Faculty of Business - Faculty of Engineering", "url": "https://www.polyu.edu.hk/clc/people/academic-staff/ms-shafi-li-ai-jun/?sc_lang=en", "appendix": "Chinese Language Centre"},
{"name": "Dr Isabel Li Hoi-ping", "text": "Areas of Scholarship: Classical Literature and Opera Teaching: Chinese Language & Communication Requirement (LCR) Chinese Discipline-Specific Requirement (DSR) - Faculty of Business - Faculty of Construction and Environment - Faculty of Health and Social Sciences - School of Design - School of Hotel and Tourism Management Others - 文化身分與表徵 - 中國戲曲與文學", "url": "https://www.polyu.edu.hk/clc/people/academic-staff/dr-isabel-li-hoi-ping/?sc_lang=en", "appendix": "Chinese Language Centre"},
{"name": "Dr Liang Shanshan", "text": "Areas of Scholarship: Modern and Contemporary Chinese Literature Teaching: Chinese Language & Communication Requirement (LCR) Chinese Discipline-Specific Requirement (DSR) - Faculty of Business - Faculty of Construction and Environment - Faculty of Engineering - Faculty of Health and Social Sciences - School of Hotel and Tourism Management Others - 中國文學導論 - 文學理論與中國現當代文學 - 歷代文選 - 中國文學與對外漢語", "url": "https://www.polyu.edu.hk/clc/people/academic-staff/dr-liang-shanshan/?sc_lang=en", "appendix": "Chinese Language Centre"},
{"name": "Dr Stephanie Liu Lu", "text": "Areas of Scholarship: Modern Chinese Literature Chinese Women’s Literature Chinese Language Education Teaching: Chinese Language & Communication Requirement (LCR) Chinese Discipline-Specific Requirement (DSR) - Faculty of Applied Science and Textiles - Faculty of Business Chinese Subjects for Non-Chinese Speaking Students (NCS)", "url": "https://www.polyu.edu.hk/clc/people/academic-staff/dr-liu-lu-stephanie/?sc_lang=en", "appendix": "Chinese Language Centre"},
{"name": "Ms Mok Siu-mui", "text": "Teaching: Chinese Linguistics Language Teaching Teaching: Chinese Language & Communication Requirement (LCR) Chinese Discipline-Specific Requirement (DSR) - Faculty of Applied Science and Textiles - Faculty of Business - Faculty of Engineering - School of Design - School of Hotel and Tourism Management Chinese Subjects for Non-Chinese Speaking Students (NCS) - 中文閱讀 (中級) Others - Advanced Putonghua Communication Skills (CBS2940) - Putonghua for Business and Administration (CBS2015) - Putonghua for Business and Administration (CBS3015) - HRO Putonghua for Cantonese Speaking Staff (Elementary)", "url": "https://www.polyu.edu.hk/clc/people/academic-staff/ms-mok-siu-mui/?sc_lang=en", "appendix": "Chinese Language Centre"},
{"name": "Dr Ng Kam-lung", "text": "Areas of Scholarship: Chinese Literary Criticism Chinese Language Teaching Teaching: Chinese Language & Communication Requirement (LCR) Chinese Discipline-Specific Requirement (DSR) - Faculty of Applied Science and Textiles - Faculty of Business - Faculty of Construction and Environment - Faculty of Engineering - Faculty of Health and Social Sciences - Faculty of Humanities - School of Design - School of Hotel and Tourism Management Chinese Subjects for Non-Chinese Speaking Students (NCS)", "url": "https://www.polyu.edu.hk/clc/people/academic-staff/dr-ng-kam-lung/?sc_lang=en", "appendix": "Chinese Language Centre"},
{"name": "Mr Ngai Yu-cheong", "text": "Areas of Scholarship: Chinese Language and Literature Teaching: Chinese Language & Communication Requirement (LCR) Chinese Discipline-Specific Requirement (DSR) - Faculty of Applied Science and Textiles - Faculty of Engineering - Faculty of Health and Social Sciences", "url": "https://www.polyu.edu.hk/clc/people/academic-staff/mr-ngai-yu-cheong/?sc_lang=en", "appendix": "Chinese Language Centre"},
{"name": "Mr Ngan Ying-kit", "text": "Teaching: Chinese Language & Communication Requirement (LCR) Others", "url": "https://www.polyu.edu.hk/clc/people/academic-staff/mr-ngan-ying-kit/?sc_lang=en", "appendix": "Chinese Language Centre"},
{"name": "Dr Pang Tun", "text": "Areas of Scholarship: Chinese Language & Literature Teaching: Chinese Language & Communication Requirement (LCR) Chinese Discipline-Specific Requirement (DSR) - Faculty of Applied Science and Textiles - Faculty of Business - Faculty of Health and Social Sciences - School of Hotel and Tourism Management Others - Readings of Classical Literature", "url": "https://www.polyu.edu.hk/clc/people/academic-staff/dr-pang-tun/?sc_lang=en", "appendix": "Chinese Language Centre"},
{"name": "Dr Shu Yali", "text": "Areas of Scholarship: Teaching Chinese as a Second Language Hong Kong Putonghua Language Proficiency Teaching: Chinese Language & Communication Requirement (LCR) Chinese Discipline-Specific Requirement (DSR) - Faculty of Business - Faculty of Construction and Environment - Faculty of Engineering - Faculty of Health and Social Sciences", "url": "https://www.polyu.edu.hk/clc/people/academic-staff/dr-shu-yali/?sc_lang=en", "appendix": "Chinese Language Centre"},
{"name": "Ms Tam Yuen", "text": "Areas of Scholarship: College Chinese Language and Culture Putonghua Teaching and Assessment Teaching: Chinese Language & Communication Requirement (LCR) Chinese Discipline-Specific Requirement (DSR) - Faculty of Applied Science and Textiles - Faculty of Engineering - School of Hotel and Tourism Management Chinese Subjects for Non-Chinese Speaking Students (NCS) - 教育局非華語學生商業服務中文口語溝通課程 - 教育局非華語學生職業中文聽說訓練課程", "url": "https://www.polyu.edu.hk/clc/people/academic-staff/ms-natalie-tam-yuen/?sc_lang=en", "appendix": "Chinese Language Centre"},
{"name": "Dr Dora Tao Yuan", "text": "Areas of Scholarship: Chinese Linguistics Putonghua Teaching: Chinese Language & Communication Requirement (LCR) Chinese Discipline-Specific Requirement (DSR) - Faculty of Applied Science and Textiles - Faculty of Construction and Environment - Faculty of Engineering - School of Hotel and Tourism Management Chinese Subjects for Non-Chinese Speaking Students (NCS) Others - HRO Putonghua for Cantonese Speaking Staff - HRO Putonghua for Non-Cantonese Speaking Staff", "url": "https://www.polyu.edu.hk/clc/people/academic-staff/dr-tao-yuan/?sc_lang=en", "appendix": "Chinese Language Centre"},
{"name": "Dr Tsang Wai-sin", "text": "Areas of Scholarship: Classical Chinese Literature Classical Chinese Women’s Literature Teaching: Chinese Language & Communication Requirement (LCR) Chinese Discipline-Specific Requirement (DSR) - Faculty of Business - Faculty of Construction and Environment - Faculty of Engineering - School of Design", "url": "https://www.polyu.edu.hk/clc/people/academic-staff/dr-tsang-wai-sin/?sc_lang=en", "appendix": "Chinese Language Centre"},
{"name": "Miss Sarah Wong Ching-sum", "text": "Areas of Scholarship: Chinese Paleography Chinese Language Education Teaching Chinese as a Second Language Teaching: Chinese Language & Communication Requirement (LCR) Chinese Discipline-Specific Requirement (DSR) - Faculty of Applied Science and Textiles - Faculty of Business - Faculty of Engineering - School of Design Chinese Subjects for Non-Chinese Speaking Students (NCS) Others - 漢字探索", "url": "https://www.polyu.edu.hk/clc/people/academic-staff/ms-sarah-wong-ching-sum/?sc_lang=en", "appendix": "Chinese Language Centre"},
{"name": "Dr Sabrina Yang Jianfen", "text": "Areas of Scholarship: Phonetics Dialectology Teaching: Chinese Language & Communication Requirement (LCR) Chinese Discipline-Specific Requirement (DSR) - Faculty of Business Chinese Subjects for Non-Chinese Speaking Students (NCS)", "url": "https://www.polyu.edu.hk/clc/people/academic-staff/dr-yang-jianfen/?sc_lang=en", "appendix": "Chinese Language Centre"},
{"name": "Dr Yau Yuet-yee", "text": "Areas of Scholarship: Chinese Language and Literature Classical Chinese Literature Teaching: Chinese Language & Communication Requirement (LCR) Chinese Discipline-Specific Requirement (DSR) - Faculty of Business - Faculty of Engineering", "url": "https://www.polyu.edu.hk/clc/people/academic-staff/dr-yau-yuet-yee/?sc_lang=en", "appendix": "Chinese Language Centre"},
{"name": "Miss Connie Yim Wai-ying", "text": "Areas of Scholarship: Language Teaching Teaching: Chinese Language & Communication Requirement (LCR) Chinese Discipline-Specific Requirement (DSR) - Faculty of Applied Science and Textiles - Faculty of Construction and Environment - Faculty of Engineering - Faculty of Humanities - School of Design - School of Hotel and Tourism Management Others - Enhancing Biliteracy & Trilingualism Through Language Service - Elementary Cantonese (Taught in Putonghua) - Elementary Cantonese (for non-Chinese Speaking Students) - HRO In-house Cantonese Courses", "url": "https://www.polyu.edu.hk/clc/people/academic-staff/miss-connie-yim-wai-ying/?sc_lang=en", "appendix": "Chinese Language Centre"},
{"name": "Dr Zeng Jie", "text": "Areas of Scholarship: Chinese Language Education Chinese Contemporary Literature Putonghua Teaching Teaching Chinese as a Foreign Language Teaching: Chinese Language & Communication Requirement (LCR) Chinese Discipline-Specific Requirement (DSR) - Faculty of Applied Science and Textiles - Faculty of Business - Faculty of Construction and Environment - Faculty of Health and Social Sciences Others - 文化身份及表徵 - 針對香港非華語小學生中文學習教學服務", "url": "https://www.polyu.edu.hk/clc/people/academic-staff/ms-zeng-jie/?sc_lang=en", "appendix": "Chinese Language Centre"},
{"name": "Mr Jack Zhang Yi", "text": "Areas of Scholarship: Teaching Chinese as a Second Language Putonghua Teaching Teaching: Chinese Language & Communication Requirement (LCR) Chinese Discipline-Specific Requirement (DSR) - Faculty of Business - Faculty of Engineering Chinese Subjects for Non-Chinese Speaking Students (NCS) Others - HRO Putonghua for Cantonese Speaking Staff - Putonghua Schematic Preparation Course for PSC", "url": "https://www.polyu.edu.hk/clc/people/academic-staff/mr-jack-zhang-yi/?sc_lang=en", "appendix": "Chinese Language Centre"},
{"name": "Dr Zou Yuxin", "text": "Areas of Scholarship: Contemporary Chinese Literature and Culture Teaching: Chinese Language & Communication Requirement (LCR) Chinese Discipline-Specific Requirement (DSR) - Faculty of Construction and Environment - Faculty of Engineering - School of Hotel and Tourism Management Others - 當代文學與社會 - 文學概論 - 文化認同與表徵 - 創意寫作", "url": "https://www.polyu.edu.hk/clc/people/academic-staff/dr-zou-yuxin/?sc_lang=en", "appendix": "Chinese Language Centre"}
]
