[
{"name": "Professor Jin-Guang TENG", "text": "Professor Jin-Guang TENG assumed office as President of The Hong Kong Polytechnic University (PolyU) on 1 July 2019. Prior to his current appointment, Professor Teng was Vice-President and Dean of Graduate School of Southern University of Science and Technology.Professor Teng was born in Wenzhou, China. He received his BEng Degree from Zhejiang University in 1983. He pursued further study at the University of Sydney, Australia, and obtained his PhD degree in 1990. He spent about two years as a visiting PhD student and then researcher at The University of Edinburgh, the United Kingdom, from 1989 to 1991. From 1991 to 1994, he served as Lecturer and then Senior Lecturer at the then James Cook University of North Queensland, Australia. He joined the then Hong Kong Polytechnic as Lecturer in the Department of Civil and Structural Engineering in October 1994 and rose through the ranks to become Chair Professor in January 2005. He has served in various academic leadership roles at PolyU over the years, including as Associate Dean of Faculty of Construction and Land Use (2005 – 2006), Associate Vice President (2006 – 2010), Dean of Faculty of Construction and Land Use/Faculty of Construction and Environment (2007 – 2013) and Director of Research Institute for Sustainable Urban Development (2012 – 2018).A well-accomplished and distinguished scholar in the field of structural engineering, Professor Teng has authored one book and over 200 SCI journal papers. His publications have been widely cited by researchers globally, and many of his research findings have been adopted in relevant design codes/guidelines in China, Australia, Europe, the United Kingdom and the United States. Professor Teng’s outstanding academic achievements have earned him numerous accolades, local and overseas. He was elected in 2017 as Member of the Chinese Academy of Sciences, which is the highest academic title in the field of science and technology in China, Corresponding Fellow of the Royal Society of Edinburgh in 2015, and Fellow of the Hong Kong Academy of Engineering Sciences in 2013. He won the State Natural Science Award of China (Second Class) in 2013 and the Distinguished Young Scholar Award from the National Natural Science Foundation of China in 2004. At PolyU, Professor Teng was the recipient of The President’s Award for Excellent Performance/Achievement 2013/2014 in the category of Research and Scholarly Activities.", "url": "https://www.polyu.edu.hk/cihk/leadership/president/", "appendix": "Confucius Institute of Hong Kong"},
{"name": "Professor CHU Hung-lam", "text": "Professor CHU Hung-lam is Chair Professor of Chinese Culture at The Hong Kong Polytechnic University (PolyU) and a Chang Jiang Scholars Chair Professor of Premodern Chinese History appointed by the Chinese Ministry of Education. He was PolyU’s Dean of the Faculty of Humanities, Head of Department of Chinese Culture, and Director of the Confucius Institute of Hong Kong (CIHK) from May 2012 to October 2017. He has been Chairman of Council of CIHK since April 2018. He is also Director of the Institute’s Center for Chinese History and Culture. Professor Chu earned his PhD in East Asian Studies from Princeton University, USA. Prior to joining PolyU to found and head the Department of Chinese Culture in 2009, Professor Chu was a Fellow of the Woodrow Wilson International Center for Scholars in Washington, D.C., Research Fellow of the Institute of History and Philology at the Academia Sinica in Taipei, and Professor and Deputy Chairman of the Department of History at The Chinese University of Hong Kong. He is a Founding Fellow of the Hong Kong Academy of the Humanities and recipient of The Chinese University of Hong Kong Vice-Chancellor’s Exemplary Teaching Award (2002) and the first Humanities and Social Sciences Prestigious Fellowship awarded by the University Grants Committee of Hong Kong (2012). Professor Chu is by training a sinologist with specialization in the history and culture of late imperial China. His areas of research include the intellectual, social and political history of that period, particularly of the Ming dynasty, Neo-Confucian classics, and literary collections by Ming authors. He is an active researcher and serves the profession as editorial board member of a number of scholarly journals, reviewer of manuscripts and tenure cases, and assessor of academic units. His publications include Calligraphy and the East Asian Book and 9 other books as well as some 80 journal articles and book chapters on Ming history studies in Chinese and in English now included in the 5-volume collection published by Beijing’s Joint Publishers under the collective title of Zhu Honglin mingshi yanjiu xilie.", "url": "https://www.polyu.edu.hk/cihk/leadership/chairman", "appendix": "Confucius Institute of Hong Kong"},
{"name": "Professor HAN Xiaorong", "text": "Professor HAN Xiaorong holds a BA in history from Amoy (Xiamen) University, a LLM in ethnic studies from the Chinese Academy of Social Sciences, a MA in anthropology from Tulane University, and a PhD in history from the University of Hawaii-Manoa. He is currently Professor and Head of Department of Chinese Culture as well as Director of the Confucius Institute of Hong Kong, The Hong Kong Polytechnic University. He had previous held positions at the Chinese Academy of Social Sciences, University of Hawaii-West Oahu, Trinity College, The National University of Singapore, Butler University, and Lingnan University (Hong Kong). He has conducted research on the interactions between intellectuals and peasants and between state and ethnic minorities in China, as well as China’s relations with Southeast Asia, particularly Vietnam. His publications include Chinese Discourses on the Peasant, 1900-1949 (SUNY, 2005), Red God: Wei Baqun and His Peasant Revolution in Southern China, 1894-1932 (SUNY, 2014), Zhongguo minzu guanxi sanlun [Essays on China’s Ethnic Relations] (Singapore, World Scientific, 2015), and numerous articles.", "appendix": "Confucius Institute of Hong Kong"}
]
