[
{"name": "Prof Daniel S.P. LAU", "text": "Department of Applied Physics, Prof Daniel S.P. LAU Academic Staff PolyU Scholars Hub Prof Daniel S.P. LAU Head(AP), DoUMF, ADoPRI, & Chair Professor of Nanomaterials Location CD628 Phone +852 2766 5679 mail daniel.lau@polyu.edu.hk stream Research Profile Open Platform for University Scholars ORCID ID SCOPUS ID Google Scholar Research ID Biography Professor Shu Ping Lau obtained his Ph.D degree in Materials Engineering from the University of Swansea in 1995. He joined Nanyang Technological University (NTU) as Assistant Professor in 1998. He joined the Hong Kong Polytechnic University (PolyU) in 2008 as a Professor. Prof Lau is a Chair Professor, and he has been the head of the Department of Applied Physics since 2013. He is also the Director of the University Research Facility in Materials Characterization and Device Fabrication and manages over US$20M worth of research facilities, including electrochemical atomic force microscopy, scanning transmission electron microscopy, and class 100 cleanroom. Prof Lau is a Fellow of the American Physical Society. He has published over 400 journal papers. He attracted over US$23 M in external research grants and completed over 25 research projects. Prof. Lau’s current research focuses on nanomaterials and energy materials, particularly the synthesis of 2D materials for optoelectronic, electrocatalysis, and energy storage applications. Education and Academic Qualifications Bachelor of Science, The Polytechnic of North London Doctor of Philosophy, University of Wales Professional Qualifications Fellow of the American Physical Society Research Interests Two-dimensional (2D) materials: graphene, graphene oxide, MoS2, SnS etc. Optoelectronic properties of graphene quantum dots Strain engineering in 2D materials", "url": "https://www.polyu.edu.hk/ap/people/academic-staff/prof-daniel-sp-lau/", "appendix": "Department of Applied Physics"},
{"name": "Prof Xuming ZHANG", "text": "Department of Applied Physics, Prof Xuming ZHANG Academic Staff Prof Xuming ZHANG Associate Head & Professor Location BC618 Phone +852 3400 3258 mail xuming.zhang@polyu.edu.hk stream Research Profile ORCID ID SCOPUS ID Biography Xuming Zhang is currently an associate professor with Department of Applied Physics, Hong Kong Polytechnic University. He received BEng degree in Precision Mechanical Engineering from the University of Science & Technology of China (USTC) in 1994, M.Eng. in Optical Engineering from Shanghai Institute of Optics and Fine Mechanics (SIOFM) in 1997, another M.Eng. in Microsystems from National University of Singapore (NUS) in 2000, and Ph.D. in Electrical & Electronic Engineering from Nanyang Technological University (NTU) in 2006. He has published about 100 journal papers with a H-index of about 30. He has filed 4 US patents and 6 China patents. Education and Academic Qualifications Bachelor of Engineering, University of Science and Technology of China Master of Engineering, Shanghai Institute of Optics & Fine Mechanics Master of Engineering, National University of Singapore Doctor of Philosophy, Nanyang Technological University Teaching Area Microelectromechanical systems (MEMS) technology Miniature external-cavity tunable lasers Photocatalysis, water treatment, air purification Microfluidic chips Fiber pressure sensors, biomimetic sensors Biophotonics, micro-optics and nano-photonics Research Interests Microfluidics Optofluidics Artificial photosynthesis Biomimetics Micro-/nano-optics", "url": "https://www.polyu.edu.hk/ap/people/academic-staff/prof-xuming-zhang/", "appendix": "Department of Applied Physics"},
{"name": "Dr Dennis C.W. LEUNG", "text": "Department of Applied Physics, Dr Dennis C.W. LEUNG Academic Staff PolyU Scholars Hub Dr Dennis C.W. LEUNG Associate Head & Associate Professor Location CD625 Phone +852 2766 5670 mail dennis.leung@polyu.edu.hk stream Research Profile Open Platform for University Scholars ORCID ID SCOPUS ID Education and Academic Qualifications Bachelor of Engineering (Mechanical Engineering), University of Hong Kong Doctor of Philosophy, Cambridge University Teaching Area Nanofabrication Techniques: Nanoimprint lithography; anodization Photonic Structures and Devices Organic Thin Film Devices Magnetism and Spintronics", "url": "https://www.polyu.edu.hk/ap/people/academic-staff/dr-dennis-cw-leung/", "appendix": "Department of Applied Physics"},
{"name": "Prof Jianhua HAO", "text": "Department of Applied Physics, Prof Jianhua HAO Academic Staff PolyU Scholars Hub Prof Jianhua HAO Chair Professor of Materials Physics and Devices Location CD627 Phone +852 2766 4098 mail jh.hao@polyu.edu.hk stream Hao Research Group Open Platform for University Scholars ORCID ID SCOPUS ID Biography Jianhua Hao received his BSc, MSc and PhD at Huazhong University of Science and Technology (HUST), China. After working at HUST, Penn State University, USA, University of Guelph, Canada and the University of Hong Kong, Jianhua Hao joined the faculty in the Hong Kong Polytechnic University in 2006. He is currently a Chair Professor of Materials Physics and Devices in Department of Applied Physics. Jianhua Hao has published more than 300 SCI papers, including the recently published high-impact journal papers as corresponding author in Nature Materials, Nature Commun., Adv. Mater., JACS, Angew. Chem. Int. Ed., Chem. Soc. Rev., Adv. Energy Mater., Nano Energy, ACS Nano, Adv. Funct. Mater., and Nano Lett.. He is the first inventor of 6 US patents. He serves as an Associate Editor of InfoMat (Wiley, IF: 25.405) and Editorial Board Member of several international journals, including Scientific Reports （NPG）and Advanced Optical Materials (Wiley). He is Member of Executive Board in Asian Electroceramics Association (AECA) and former Vice-President of Physical Society of Hong Kong (2015-2017). He has been General Chair/Lead Organizer/Symposium Chair/Organizing Committee Member for various international conferences. He was also invited to give a number of Plenary/Keynote/Tutorial/Invited Lectures in various international conferences. He serves reviewers for many journals such as Science , Nature Nanotech., Nature Reviews Materials, Nature Commun., Adv. Mater., JACS, Chem. Rev., Chem. Soc. Rev., Nano Energy ., etc.. Prof. Hao is conferred as RGC Senior Research Fellow. He is selected as Chang Jiang Scholar Chair Professor by the Ministry of Education. He is elected as Fellow of the Optical Society (OSA Fellow), Fellow of Royal Society of Chemistry (FRSC), and Fellow of Institute of Physics (FInstP). Education and Academic Qualifications Bachelor of Science, Huazhong University of Science and Technology Master of Philosophy, Huazhong University of Science and Technology Doctor of Philosophy, Huazhong University of Science and Technology Professional Qualifications Fellow of the Royal Society of Chemistry Fellow of the Optical Society Fellow of the Institute of Physics Teaching Area Growth, Physics and Applications of Metal-oxide Thin Films Luminescence and Phosphors for Photonic and Biomedical Applications Optoelectronic Materials and Devices", "url": "https://www.polyu.edu.hk/ap/people/academic-staff/prof-jh-hao/", "appendix": "Department of Applied Physics"},
{"name": "Prof Kian Ping LOH", "text": "Department of Applied Physics, Prof Kian Ping LOH Academic Staff Prof Kian Ping LOH Chair Professor of Materials Physics and Chemistry Location BC616 Phone +852 2766 4506 mail kian-ping.loh@polyu.edu.hk stream Research Profile ORCID ID SCOPUS ID Research ID Education and Academic Qualifications BSc(Hons) in Chemistry, National University of Singapore Ph.D in Chemistry, Oxford University, Physical and Theoretical Chemistry Laboratory Research Interests Two dimensional materials for Quantum Technology Spin-optoelectronics of Two dimensional organic-inorganic hybrid perovskites Two-dimensional covalent organic framework in Catalysis and Energy Catalysis for CO2 reduction", "url": "https://www.polyu.edu.hk/ap/people/academic-staff/prof-loh-kian-ping/", "appendix": "Department of Applied Physics"},
{"name": "Prof Tom Tao WU", "text": "Department of Applied Physics, Prof Tom Tao WU Academic Staff Prof Tom Tao WU Chair Professor of Frontier Materials Location CD624 Phone 2766 4616 mail tom-tao.wu@polyu.edu.hk ORCID ID SCOPUS ID Google Scholar Research ID Education and Academic Qualifications Bachelor of Science, Zhejiang University Doctor of Philosophy, University of Maryland, College Park Research Interests Halide perovskite nanomaterials Epitaxial thin films of frontier materials Functional mixed-dimensional heterostructures Electronics, iontronics, and optoelectronics", "url": "https://www.polyu.edu.hk/ap/people/academic-staff/prof-tom-wu/", "appendix": "Department of Applied Physics"},
{"name": "Prof Feng YAN", "text": "Department of Applied Physics, Prof Feng YAN Academic Staff PolyU Scholars Hub Prof Feng YAN ADoRI-IWEAR & Chair Professor of Organic Electronics Location CD623 Phone +852 2766 4054 mail feng.yan@polyu.edu.hk stream Research Profile Open Platform for University Scholars ORCID ID SCOPUS ID Education and Academic Qualifications Doctor of Philosophy, Nanjing University Teaching Area Organic Electronics TFT for Flat-panel Displays and Biosensors Ferroelectric/Dielectric Thin Films Relaxor Ferroelectrics", "url": "https://www.polyu.edu.hk/ap/people/academic-staff/prof-feng-yan/", "appendix": "Department of Applied Physics"},
{"name": "Prof Yang CHAI", "text": "Department of Applied Physics, Prof Yang CHAI Academic Staff PolyU Scholars Hub Prof Yang CHAI Associate Dean (FS) & Professor Location BC617 Phone +852 2766 5678 mail y.chai@polyu.edu.hk stream Research Profile Open Platform for University Scholars ORCID ID SCOPUS ID Professional Qualifications Member of Hong Kong Young Academy of Science Teaching Area Carbon-based electronics Light emitting devices Emerging memories", "url": "https://www.polyu.edu.hk/ap/people/academic-staff/prof-yang-chai/", "appendix": "Department of Applied Physics"},
{"name": "Prof Jiyan DAI", "text": "Department of Applied Physics, Prof Jiyan DAI Academic Staff PolyU Scholars Hub Prof Jiyan DAI Professor Location CD626 Phone +852 2766 5682 mail jiyan.dai@polyu.edu.hk stream Research Profile Open Platform for University Scholars ORCID ID SCOPUS ID Education and Academic Qualifications Bachelor of Science, Fudan University Master of Science, Tsinghua University Doctor of Philosophy, Chinese Academy of Sciences Teaching Area Nanomaterials fabrication and application Functional metal oxide thin films and devices Medical ultrasound transducers and imaging", "url": "https://www.polyu.edu.hk/ap/people/academic-staff/prof-ji-yan-dai/", "appendix": "Department of Applied Physics"},
{"name": "Prof Haitao HUANG", "text": "Department of Applied Physics, Prof Haitao HUANG Academic Staff PolyU Scholars Hub Prof Haitao HUANG Professor Location BC620 Phone +852 2766 5694 mail haitao.huang@polyu.edu.hk stream Research Profile Open Platform for University Scholars ORCID ID SCOPUS ID Education and Academic Qualifications Bachelor of Science, Shanghai Jiao Tong University Master of Engineering, Shanghai Institute of Metallurgy Doctor of Philosophy, Nanyang Technological University Teaching Area Ferroelectric Materials & Devices Multiferroics Ecomaterials Nanomaterials Photocatalysts", "url": "https://www.polyu.edu.hk/ap/people/academic-staff/prof-h-huang/", "appendix": "Department of Applied Physics"},
{"name": "Prof Yuen Hong TSANG", "text": "Department of Applied Physics, Prof Yuen Hong TSANG Academic Staff PolyU Scholars Hub Prof Yuen Hong TSANG Professor Location BC617a Phone +852 2766 5676 mail yuen.tsang@polyu.edu.hk stream Research Profile Open Platform for University Scholars ORCID ID SCOPUS ID Education and Academic Qualifications Bachelor of Science, The University of Manchester Doctor of Philosophy, The University of Manchester Professional Qualifications Member of The Institute of Physics Teaching Area Studying the nonlinear optical properties of the 2D materials e.g. graphene, WS2 and MoS2. Novel 2D materials used for laser photonic applications, e.g. mode locking laser, Q-switched laser, photodetector, optical limiter etc. Novel 2D materials nano materials used for renewable energy generation, water purification etc. Laser applications, Laser material processing, Laser surgery", "url": "https://www.polyu.edu.hk/ap/people/academic-staff/prof-yuen-hong-tsang/", "appendix": "Department of Applied Physics"},
{"name": "Prof Siu Fung YU", "text": "Department of Applied Physics, Prof Siu Fung YU Academic Staff PolyU Scholars Hub Prof Siu Fung YU Professor Location CD621 Phone +852 2766 5647 mail siu.fung.yu@polyu.edu.hk stream Research Profile Open Platform for University Scholars ORCID ID SCOPUS ID Biography Siu-Fung YU received B.(Eng.) from University College London, England in 1990 and Ph.D. from Cambridge University, England in 1993. He is now a professor in Department of Applied Physics, HKPU. His main research interest includes fundamental study, design and optimization of lasers. He has led to the design and fabrication of random laser diodes emitted at UV wavelength. He has published over 300 international technical papers including patents, journal and conferences papers, five book chapters and one book entitled 'Analysis and Design of Vertical-Cavity Surface-Emitting Lasers', 2003 Wiley, NY. Education and Academic Qualifications Bachelor of Engineering, University of London Doctor of Philosophy, University of Cambridge Professional Qualifications Senior Member of the Institute of Electrical and Electronics Engineers Teaching Area Design and fabrication of optoelectronic devices included semiconductor lasers, modulators and waveguides Research Interests Realization of ZnO random laser diodes and carbon-based lasers. Analysis, design and fabrication of nanophotonics devices. Analysis and design of semiconductor microcavity lasers. Design and fabrication of perovskite based upconversion lasers.", "url": "https://www.polyu.edu.hk/ap/people/academic-staff/prof-yu-siu-fung/", "appendix": "Department of Applied Physics"},
{"name": "Dr Chi Hang LAM", "text": "Department of Applied Physics, Dr Chi Hang LAM Academic Staff PolyU Scholars Hub Dr Chi Hang LAM Associate Professor Location BC615 Phone +852 2766 5681 mail c.h.lam@polyu.edu.hk stream Research Profile Open Platform for University Scholars ORCID ID SCOPUS ID Education and Academic Qualifications Bachelor of Science, The University of Hong Kong Doctor of Philosophy, University of Michigan, Ann Arbor Teaching Area Self-assembled Nano-structures in Strained Thin Films Kinetic Roughening of Thin Films Dendritic and Fractal Growth Fluid Flow in Porous Media Dewetting of Polymer Nanofilms Electron Transport in Solid-state Quantum Computers", "url": "https://www.polyu.edu.hk/ap/people/academic-staff/dr-lam-chi-hang/", "appendix": "Department of Applied Physics"},
{"name": "Dr Biao ZHANG", "text": "Department of Applied Physics, Dr Biao ZHANG Academic Staff PolyU Scholars Hub Dr Biao ZHANG Associate Professor Location CD607 Phone +852 3400 3260 mail biao.ap.zhang@polyu.edu.hk stream Biao Research Group Open Platform for University Scholars ORCID ID SCOPUS ID Education and Academic Qualifications Doctor of Philosophy, The Hong Kong University of Science and Technology Teaching Area Synthesis and application of carbon materials for electrochemical energy storage Exploration of new electrochemistry and novel materials for next generation batteries", "url": "https://www.polyu.edu.hk/ap/people/academic-staff/dr-biao-zhang/", "appendix": "Department of Applied Physics"},
{"name": "Dr Jiong ZHAO", "text": "Department of Applied Physics, Dr Jiong ZHAO Academic Staff PolyU Scholars Hub Dr Jiong ZHAO Associate Professor Location CD609 Phone +852 2766 5692 mail jiong.zhao@polyu.edu.hk stream Zhao Research Group Open Platform for University Scholars ORCID ID SCOPUS ID Education and Academic Qualifications Doctor of Engineering, Tsinghua University Teaching Area Synthesis and physical properties of low dimensional materials In situ electron microscopy", "url": "https://www.polyu.edu.hk/ap/people/academic-staff/dr-zhao-jiong/", "appendix": "Department of Applied Physics"},
{"name": "Dr Ye ZHU", "text": "Department of Applied Physics, Dr Ye ZHU Academic Staff PolyU Scholars Hub Dr Ye ZHU Associate Professor Location BC620a Phone +852 2766 5677 mail ye.ap.zhu@polyu.edu.hk stream Research Profile Open Platform for University Scholars ORCID ID SCOPUS ID Biography Dr. Ye Zhu is currently an assistant professor in the Department of Applied Physics, The Hong Kong Polytechnic University. He received his undergraduate degree from Tsinghua University in China, and his Ph.D from the University of Wisconsin-Madison in 2008. After graduation, he did postdoc in US and Australia, until joining The Hong Kong Polytechnic University in 2016. Dr. Zhu has dedicated to developing cutting edge microscopy and spectroscopy techniques, and their applications on emerging materials. Applying these techniques, his team has made numerous breakthroughs, including the first discovery of novel 2D antiferroelectricity and ferroelasticity in indium selenide compound. He has published over 120 journal articles, including high-impact journals such as Nature, Nature Materials, Nature Energy, and Physical Review Letters. The impact of his publication is evidenced by over 6300 citations according to Scopus, with an H-index of 31. His strong track record has won him several professional awards such as the “Early Career Award” from the Hong Kong Research Grants Council in 2017, and the Young Scientist award from the International Federation of Societies for Microscopy (IFSM) in 2014. Education and Academic Qualifications Bachelor of Engineering, Tsinghua University Master of Applied Science, McMaster University Doctor of Philosophy, University of Wisconsin (Madison) Teaching Area Scanning transmission electron microscopy and spectroscopy at atomic scale In-situ electron microscopy on electrochemical dynamics of energy materials Electron tomography reconstruction of 3D morphology of nano-catalysts", "url": "https://www.polyu.edu.hk/ap/people/academic-staff/dr-ye-zhu/", "appendix": "Department of Applied Physics"},
{"name": "Dr Songhua CAI", "text": "Department of Applied Physics, Dr Songhua CAI Academic Staff Dr Songhua CAI Assistant Professor Location CD605 Phone +852 2766 5680 mail songhua.cai@polyu.edu.hk Teaching Area advanced STEM in-situ TEM low-dimensional materials and devices", "url": "https://www.polyu.edu.hk/ap/people/academic-staff/dr-cai-songhua/", "appendix": "Department of Applied Physics"},
{"name": "Dr Zhuangchai LAI", "text": "Department of Applied Physics, Dr Zhuangchai LAI Academic Staff Dr Zhuangchai LAI Assistant Professor Location CD612 Phone +852 2766 5883 mail zhuangchai.lai@polyu.edu.hk ORCID ID SCOPUS ID Google Scholar Research ID Biography Dr Zhuangchai LAI received his B.S. degree and M.E. degree from Sun Yat-sen University in 2009 and South China University of Technology in 2012, respectively. He got his Ph.D. degree from Nanyang Technological University (Singapore) in 2018. Prior to joining The Hong Kong Polytechnic University, he has published about 40 peer-reviewed journal papers with a H-index of about 28. Education and Academic Qualifications Doctor of Philosophy, Nanyang Technological University Master of Engineering, South China University of Technology Bachelor of Science, Sun Yat-sen University Research Interests Controlled synthesis Characterization of novel 2D materials", "url": "https://www.polyu.edu.hk/ap/people/academic-staff/dr-lai-zhuangchai/", "appendix": "Department of Applied Physics"},
{"name": "Dr Kathy K. LENG", "text": "Department of Applied Physics, Dr Kathy K. LENG Academic Staff PolyU Scholars Hub Dr Kathy K. LENG Assistant Professor Location BC614 Phone +852 3400 3144 mail kathy-kai.leng@polyu.edu.hk stream Leng's Research Group Open Platform for University Scholars ORCID ID SCOPUS ID Education and Academic Qualifications Doctor of Philosophy, National University of Singapore Research Interests 2D materials and device applications Molecularly thin 2D hybrid perovskites and their micro & nano device fabrications 2D heterostructure studies (Molecularly thin 2D perovskite / TMDs / Graphene) Strain induced phenomena in soft molecularly thin perovskites and other 2D materials Spintronics study in 2D hybrid perovskites (Rashba effect and it coupled Ferroelectricity)", "url": "https://www.polyu.edu.hk/ap/people/academic-staff/dr-leng-kai/", "appendix": "Department of Applied Physics"},
{"name": "Dr Molly Mengjung LI", "text": "Department of Applied Physics, Dr Molly Mengjung LI Academic Staff PolyU Scholars Hub Dr Molly Mengjung LI Assistant Professor Location BC613 Phone +852 2766 5683 mail molly.li@polyu.edu.hk stream Molly's Research Group Open Platform for University Scholars ORCID ID SCOPUS ID Google Scholar Research ID Biography Dr Molly Li completed her PhD in Inorganic Chemistry in May 2018 from the University of Oxford. She has a broad foundation and experience in the chemistry of materials and applied catalysis in green energies and the environment, the focus of which has recently incorporated the design of efficient catalyst systems for turning waste to renewable fuels as well as the reversible hydrogen storage cycle based on methanol or ammonia conversion. Education and Academic Qualifications Bachelor of Science, National Cheng Kung University Master of Science, National Cheng Kung University Doctor of Philosophy, University of Oxford Teaching Area Heterogeneous catalysis CO2 utilisation Renewable fuel production X-ray absorption spectroscopy Research Interests Heterogeneous catalysis Nanocatalysts Renewable fuel production Chemical hydrogen storage", "url": "https://www.polyu.edu.hk/ap/people/academic-staff/dr-molly-meng-jung-li/", "appendix": "Department of Applied Physics"},
{"name": "Dr Mingjie LI", "text": "Department of Applied Physics, Dr Mingjie LI Academic Staff PolyU Scholars Hub Dr Mingjie LI Assistant Professor Location CD603 Phone +852 2766 5691 mail ming-jie.li@polyu.edu.hk stream Li Research Group Open Platform for University Scholars ORCID ID SCOPUS ID Education and Academic Qualifications Bachelor of Science, Lanzhou University Master of Science, Lanzhou University Doctor of Philosophy, Nanyang Technological University Teaching Area Ultrafast optical spectroscopy study of charge carrier dynamics, linear/non-linear optical properties of semiconductor materials and devices Developing novel semiconductor light-harvesting/emitting devices", "url": "https://www.polyu.edu.hk/ap/people/academic-staff/dr-mingjie-li/", "appendix": "Department of Applied Physics"},
{"name": "Dr Benedict Tsz-woon LO", "text": "Department of Applied Physics, Dr Benedict Tsz-woon LO Academic Staff Dr Benedict Tsz-woon LO Assistant Professor Location Y863 Phone +852 3400 8886 mail benedict.tw.lo@polyu.edu.hk stream The Lo Group ORCID ID", "url": "https://www.polyu.edu.hk/ap/people/academic-staff/dr-benedict-tsz-woon-lo/", "appendix": "Department of Applied Physics"},
{"name": "Dr Ming YANG", "text": "Department of Applied Physics, Dr Ming YANG Academic Staff PolyU Scholars Hub Dr Ming YANG Assistant Professor Location CD608 Phone +852 2766 5665 mail kevin.m.yang@polyu.edu.hk stream Yang's Research Group Open Platform for University Scholars ORCID ID SCOPUS ID Google Scholar Education and Academic Qualifications Doctor of Philosophy, National University of Singapore Teaching Area Machine Learning in Physics Atomistic view of matter: modelling and simulation Research Interests 2D materials Electrochemical/photo-catalysts High-throughput first-principle calculations/experiments Perovskite oxide interface Physical vapor deposition Machine-learning accelerated materials innovation", "url": "https://www.polyu.edu.hk/ap/people/academic-staff/dr-yang-ming/", "appendix": "Department of Applied Physics"},
{"name": "Dr Jun YIN", "text": "Department of Applied Physics, Dr Jun YIN Academic Staff Dr Jun YIN Assistant Professor Location CD604 Phone +852 2766 5684 mail jun.yin@polyu.edu.hk stream Yin's Research Group ORCID ID SCOPUS ID Google Scholar Education and Academic Qualifications Doctor of Philosophy, Nanyang Technological University Teaching Area Computational Material Science Density Functional Theory and Its Applications Research Interests First-Principles Calculations Nonadiabatic Molecular Dynamics Perovskite Materials Photophysical Processes Polaron and Exciton, Surfaces and Interfaces Machine Learning in Materials Science", "url": "https://www.polyu.edu.hk/ap/people/academic-staff/dr-yin-jun/", "appendix": "Department of Applied Physics"},
{"name": "Dr Dianxiang JI", "text": "Department of Applied Physics, Dr Dianxiang JI Dr Dianxiang JI Research Assistant Professor Location BC619 Phone +852 2766 5689 mail dianxiang.ji@polyu.edu.hk ORCID ID SCOPUS ID Research ID Education and Academic Qualifications Doctor of Philosophy, Nanjing University Bachelor of Science, Nanjing University Research Interests Functional oxide thin films and interfaces Multiferroic materials and devices Two-dimensional strongly correlated quantum phenomena Heterostructures based on two-dimensional oxide thin films Oxide molecular beam epitaxy (Oxide-MBE), Scanning tunneling microscopy (STM), Transmission electron microscopy (TEM)", "url": "https://www.polyu.edu.hk/ap/people/academic-staff/dr-ji-dian-xiang/", "appendix": "Department of Applied Physics"},
{"name": "Dr Teng MA", "text": "Department of Applied Physics, Dr Teng MA Academic Staff Dr Teng MA Research Assistant Professor Location BC619 Phone +852 2766 5697 mail teng125.ma@polyu.edu.hk ORCID ID Google Scholar Education and Academic Qualifications Doctor of Philosophy, Institute of Metal Research, Chinese Academy of Sciences Bachelor of Engineering, Tianjin University Research Interests Two-dimensional (2D) materials and device applications Chemical vapor deposition of 2D materials and their heterostructures 2D ferroelectrics Non-linear Hall effect of 2D materials", "url": "https://www.polyu.edu.hk/ap/people/academic-staff/dr-teng-ma/", "appendix": "Department of Applied Physics"},
{"name": "Dr Siu Hong CHOY", "text": "Department of Applied Physics, Dr Siu Hong CHOY Academic Staff Dr Siu Hong CHOY Teaching Fellow Location CD602 Phone +852 3400 3135 mail albert.choy@polyu.edu.hk stream Research Profile ORCID ID SCOPUS ID Research Interests Ferroelectric Materials Piezoelectric and Pyroelectric Materials and Devices Ultrasonic Transducers", "url": "https://www.polyu.edu.hk/ap/people/academic-staff/dr-choy-siu-hong/", "appendix": "Department of Applied Physics"},
{"name": "Dr Kwok Lung JIM", "text": "Department of Applied Physics, Dr Kwok Lung JIM Academic Staff Dr Kwok Lung JIM Teaching Fellow Location CD606 Phone +852 2766 4028 mail michael.jim@polyu.edu.hk ORCID ID SCOPUS ID Research ID Research Interests Photonic, Phononic & Plasmonic Structures and Devices Nanofabrication Techniques: Nanoimprint lithography Thin Film Physics & Technology Superlattice", "url": "https://www.polyu.edu.hk/ap/people/academic-staff/dr-kl-jim/", "appendix": "Department of Applied Physics"}
]
