[
{"name": "Prof. Sun Defeng", "text": "Prof. Sun Defeng Head and Chair Professor of Applied Optimization and Operations Research, RGC Senior Research Fellow 孫德鋒講座教授 Location TU728, Yip Kit Chuen Bldg. Phone +852 2766 6935 mail defeng.sun@polyu.edu.hk stream Personal Website Open Platform for University Scholars ORCID ID SCOPUS ID Education and Academic Qualifications Doctor of Philosophy, Chinese Academy of Sciences Master of Science, Nanjing University Bachelor of Science, Nanjing University Research Interests Matrix Optimization (MatOpt): Theory, Algorithms, Software and Applications High-Dimensional Statistical Optimization Second Order Variational Analysis Risk Management and Computational Finance", "url": "https://www.polyu.edu.hk/ama/people/academic-staff/prof-sun-defeng/", "appendix": "Department of Applied Mathematics"},
{"name": "Prof. Chen Xiaojun", "text": "Prof. Chen Xiaojun Associate Director of UBDA and Chair Professor of Applied Mathematics 陳小君講座教授 Location TU730, Yip Kit Chuen Bldg. Phone +852 2766 6925 mail xiaojun.chen@polyu.edu.hk stream Personal Website Open Platform for University Scholars ORCID ID SCOPUS ID Biography Professor Chen is a Chair Professor in the Department of Applied Mathematics, The Hong Kong Polytechnic University. She is named 2021 Fellow of the Society of Industrial and Applied Mathematics (SIAM) in recognition of her contributions to optimization, stochastic variational inequalities, and nonsmooth analysis. She has published over 80 research papers in top journals of applied mathematics. She was invited to give plenary and semi-plenary talks at many international conferences. She was elected as a semi-plenary speaker at the 21st International Symposium on Mathematical Programming 2012 in Berlin, Germany. Professor Chen has won 20 grants as a principal investigator from Australian Research Council, the Japan Society for the Promotion of Sciences and the Hong Kong Research Grant Council. Professor Chen has made a highly significant contribution to the promotion and maintenance of high professional standards in mathematical research in PolyU as Head of AMA (until June 2019) and the Director of University Research Facility in Big Data Analytics at PolyU and Co-Director of the Chinese Academy of Sciences (CAS) Academy of Mathematics and Systems Science (AMSS) and PolyU Joint Laboratory of Applied Mathematics. Professor Chen is Area Editor of Journal of Optimization Theory and Applications and serves in the editorial boards of 6 international journals including SIAM Journal on Numerical Analysis and SIAM Journal on Optimization. Education and Academic Qualifications Doctor of Philosophy, Xi'an Jiaotong University Research Interests Stochastic Equilibrium Problems Nonsmooth, nonconvex optimization", "url": "https://www.polyu.edu.hk/ama/people/academic-staff/prof-chen-xiaojun/", "appendix": "Department of Applied Mathematics"},
{"name": "Prof. Dai Min", "text": "Prof. Dai Min Chair Professor of Applied Statistics and Financial Mathematics 戴民講座教授 Location TU704, Yip Kit Chuen Bldg. Phone +852 2766 6918 mail minpolyuhk.dai@polyu.edu.hk stream Personal Website Open Platform for University Scholars ORCID ID SCOPUS ID Research ID Biography Min Dai is Chair Professor in Applied Statistics and Financial Mathematics, Department of Applied Mathematics, The Hong Kong Polytechnic University (HKPolyU). Prior to joining HKPolyU in 2021, he taught at National University of Singapore and Peking University after receiving his PhD degree from Fudan University in 2000. His research focuses on financial derivative pricing, portfolio selection with market imperfections, corporate finance, and financial technology. He published in peer-reviewed journals of different disciplines, such as Journal of Econometrics, Journal of Economic Theory , Management Science , Mathematical Finance, Review of Financial Studies, and SIAM Journals .  Currently he is a Co-editor of Digital Finance and serves in editorial boards of many academic journals, including Finance and Stochastics, Journal of Economic Dynamics and Control, SIAM Journal on Financial Mathematics, and Mathematics and Financial Economics. Education and Academic Qualifications Doctor of Philosophy, Fudan University Master of Philosophy, The Hong Kong Polytechnic University Master of Science, Soochow University Bachelor of Science, Soochow University Research Interests Quantitative Finance: Derivative Pricing, Asset Allocation, Corporate Finance FinTech: Cryptocurrency Markets, Robo-advising, Prediction Market", "url": "https://www.polyu.edu.hk/ama/people/academic-staff/prof-dai-min/", "appendix": "Department of Applied Mathematics"},
{"name": "Prof. Huang Jian", "text": "Prof. Huang Jian Chair Professor of Data Science and Analytics 黃堅講座教授 Location TU801A, Yip Kit Chuen Bldg. Phone +852 3400 3639 mail j.huang@polyu.edu.hk stream Personal Website Open Platform for University Scholars Research Interests Machine learning High-dimensional statistics Computational statistics Bioinformatics", "url": "https://www.polyu.edu.hk/ama/people/academic-staff/prof-huang-jian/", "appendix": "Department of Applied Mathematics"},
{"name": "Prof. Yang Tong", "text": "Prof. Yang Tong Chair Professor of Mathematical Science and RGC Senior Research Fellow 楊彤講座教授 Location TU801B, Yip Kit Chuen Bldg. Phone +852 2766 6922 mail t.yang@polyu.edu.hk stream Personal Website Open Platform for University Scholars Education and Academic Qualifications PhD in Mathematics, University of California, Davis, USA (1993) MSc in Zhongshan University (1990) BSc in Zhongshan University (1987) Research Interests Partial Differential Equations Kinetic Theory", "url": "https://www.polyu.edu.hk/ama/people/academic-staff/prof-yang-tong/", "appendix": "Department of Applied Mathematics"},
{"name": "Prof. Qi Liqun", "text": "Prof. Qi Liqun Emeritus Professor of Applied Mathematics 祁力群榮休教授 Location TU703, Yip Kit Chuen Bldg. Phone +852 2766 4591 mail liqun.qi@polyu.edu.hk stream Personal Website Open Platform for University Scholars ORCID ID SCOPUS ID Biography Prof. Qi received his B.S. in Computational Mathematics at Tsinghua University in 1968. M.S, and Ph.D. degree in Computer Sciences at University of Wisconsin-Madison in 1981 and 1984 respectively. Prof. Qi has taught in Tsinghua University, China, University of Wisconsin-Madison, USA, University of New South Wales, Australia, and City University of Hong Kong. He is now Emeritus Professor of Applied Mathematics of Department of Applied Mathematics at The Hong Kong Polytechnic University. Prof. Qi established the superlinear and quadratic convergence theory of the semismooth Newton method, and played a principal role in the development of reformulation methods in optimization. Having published more than 330 research papers in international journals, his works have been cited by researchers around the world. According to the Google Scholar, Prof. Qi has an H-index value of 70 and his works have been cited over 21,700 times as of May 2021. He was named ‘Clarivate TM Highly Cited Researchers in the field of Mathematics’ in 2020, and ranked 16 among 23,455 scientists in the field of Operations Research according to the ‘Updated science-wide author database of standardized citation indicators” compiled by Stanford University. Prof. Qi is an editor/ associate editor of ten international journals. He has chaired more than fifteen international conferences and workshops held at Australia, Italy, Hong Kong and the Mainland China. In 2005, Professor Qi pioneered the research on eigenvalues for higher order tensors, which now has applications in biomedical engineering, statistical data analysis, spectral hypergraph theory, solid mechanics, quantum mechanics, etc. He has more than 110 papers on tensors, published or accepted for publication in international journals.  His book \"Tensor Analysis: Spectral Theory and Special Tensors,\" is published by SIAM in April 2017. Education and Academic Qualifications Doctor of Philosophy, University of Wisconsin Master of Science,  University of Wisconsin Bachelor of Science, Tsinghua University Research Interests Optimization and Applications (Generalized Newton Methods / Nonlinear Programming) Multi-linear Algebra (Spectral Theory of Tensors/ Spectral Hypergraph Theory/ Structured Tensors/ Tensors Complementarity Problems/ Applications in Quantum Physics Problems/ Tensors in Mechanics and Physics) Computational Mathematics and Application (Numerical Multi-linear Algebra/ Systems of Nonlinear Equations) Honor and Awards ISI Most Highly Cited Scientist The First Class Science and Technology Award of Chinese Operations Research Society in 2010 The President's Awards for Excellent Performance/Achievement 2003/2004, based upon Research and Scholarly Activities, The Hong Kong Polytechnic University Foreign Member of the Petrovskaya Academy of Science and Arts, Russia", "url": "https://www.polyu.edu.hk/ama/people/academic-staff/prof-qi-liqun/", "appendix": "Department of Applied Mathematics"},
{"name": "Prof Cedric Yiu Ka-fai", "text": "Prof Cedric Yiu Ka-fai Associate Head of Department and Professor 姚嘉暉教授 Location TU725, Yip Kit Chuen Bldg. Phone +852 3400 8981 mail cedric.yiu@polyu.edu.hk stream Personal Website Open Platform for University Scholars ORCID ID SCOPUS ID Education and Academic Qualifications Doctor of Philosophy, University of Oxford Master of Science, University of London Master of Science, University of Dundee Higher Diploma, The Hong Kong Polytechnic University Research Interests Signal processing, beamforming Financial risk management Optimization and optimal control Scientific computing", "url": "https://www.polyu.edu.hk/ama/people/academic-staff/prof-cedric-yiu-ka-fai/", "appendix": "Department of Applied Mathematics"},
{"name": "Prof. Zhao Xingqiu", "text": "Prof. Zhao Xingqiu Associate Head of Department and Professor 趙興球教授 Location TU705, Yip Kit Chuen Bldg. Phone +852 2766 6921 mail xingqiu.zhao@polyu.edu.hk stream Personal Website Open Platform for University Scholars ORCID ID SCOPUS ID Education and Academic Qualifications Doctor of Philosophy, McMaster University Research Interests Statistical machine learning High-dimensional statistics Survival analysis Nonparametric inference Semiparametric inference", "url": "https://www.polyu.edu.hk/ama/people/academic-staff/prof-zhao-xingqiu/", "appendix": "Department of Applied Mathematics"},
{"name": "Dr Raymond Sze Nung-sing", "text": "Dr Raymond Sze Nung-sing Associate Dean (Academic Support)  and Associate Professor 施能聖博士 Location TU831, Yip Kit Chuen Bldg. Phone +852 2766 5642 mail raymond.sze@polyu.edu.hk stream Personal Website Open Platform for University Scholars ORCID ID SCOPUS ID Education and Academic Qualifications Doctor of Philosophy, The University of Hong Kong Master of Philosophy, The University of Hong Kong Bachelor of Science, The University of Hong Kong Research Interests Quantum information Science Matrix Theory Operator Theory Honor and Awards Departmental Best Teacher Award, AMA, PolyU 2010-2011", "url": "https://www.polyu.edu.hk/ama/people/academic-staff/dr-raymond-sze-nung-sing/", "appendix": "Department of Applied Mathematics"},
{"name": "Prof. Li Buyang", "text": "Prof. Li Buyang Professor and RGC Research Fellow 李步揚教授 Location TU810, Yip Kit Chuen Bldg. Phone +852 3400 3416 mail buyang.li@polyu.edu.hk stream Personal Website Open Platform for University Scholars ORCID ID SCOPUS ID Education and Academic Qualifications Doctor of Philosophy, City University of Hong Kong Research Interests Numerical Analysis Honor and Awards Alexander von Humboldt Research Fellowship, 2015-2016. First prize for young computational mathematicians, awarded by China Society for Computational Mathematics, 2013 (at The 6th Paper Competetion for Young Computational Mathematicians, 12th National Universities' Annual Conference of Computational Mathematics).", "url": "https://www.polyu.edu.hk/ama/people/academic-staff/prof-li-buyang/", "appendix": "Department of Applied Mathematics"},
{"name": "Prof. Li Xun", "text": "Prof. Li Xun Professor 李迅教授 Location TU707, Yip Kit Chuen Bldg. Phone +852 2766 6939 mail li.xun@polyu.edu.hk stream Personal Website Open Platform for University Scholars ORCID ID SCOPUS ID Education and Academic Qualifications Doctor of Philosophy, The Chinese University of Hong Kong Master of Science, Shanghai University Bachelor of Science, Shanghai University of Science and Technology Research Interests Stochastic Controls and Applied Probability with Financial Applications", "url": "https://www.polyu.edu.hk/ama/people/academic-staff/prof-li-xun/", "appendix": "Department of Applied Mathematics"},
{"name": "Prof. Lin Yanping", "text": "Prof. Lin Yanping Research Professor 林延平教授 Location TU801D, Yip Kit Chuen Bldg. Phone +852 2766 6944 mail yanping.lin@polyu.edu.hk stream Personal Website Open Platform for University Scholars ORCID ID SCOPUS ID Biography Professor Lin received BS in Applied Mathematics at Northeast Institute of Technology in 1982, M.S and PhD degrees in Applied Mathematics at Washington State University in 1985 and 1988 respectively. He had his postdoctorial fellowships at McGill University and University of Waterloo during 1988-1990, and then he moved to University of Alberta in 1991 as assistant professor, and then associate professor and professor. Professor Lin join PolyU in 2008. Professor Lin's research areas are finite element/finite volume methods for partial differential equations, inverse problems and interface problems. Education and Academic Qualifications Doctor of Philosophy, Washington State University Master of Science, Washington State University Bachelor of Science, Northeastern University Research Interests Partial differential equations and scientific computing", "url": "https://www.polyu.edu.hk/ama/people/academic-staff/prof-lin-yanping/", "appendix": "Department of Applied Mathematics"},
{"name": "Prof. Qi Houduo", "text": "Prof. Qi Houduo Professor 戚厚鐸教授 Location TU708, Yip Kit Chuen Bldg. Phone +852 2766 4401 mail houduo.qi@polyu.edu.hk Open Platform for University Scholars ORCID ID Education and Academic Qualifications PhD in Operational Research (1996), Chinese Academy of Sciences MSc in Operational Research (1993), Qufu Normal University BSc in Statistics (1990), Peking University Research Interests Numerical Optimization Data Science Portfolio Optimization", "url": "https://www.polyu.edu.hk/ama/people/academic-staff/prof-qi-houduo/", "appendix": "Department of Applied Mathematics"},
{"name": "Prof. Qiao Zhonghua", "text": "Prof. Qiao Zhonghua Professor and RGC Research Fellow 喬中華教授 Location TU807, Yip Kit Chuen Bldg. Phone +852 2766 6932 mail zhonghua.qiao@polyu.edu.hk stream Personal Website Open Platform for University Scholars ORCID ID SCOPUS ID Education and Academic Qualifications Doctor of Philosophy, Hong Kong Baptist University Master of Science, Zhengzhou University Bachelor of Science, Zhengzhou University Research Interests Numerical analysis and scientific computing Honor and Awards RGC Research Fellow, The Research Grants Council of Hong Kong, 2020 Departmental Best Paper Award, Department of Applied Mathematics, The Hong Kong Polytechnic University, 2019 Hong Kong Mathematical Society Award for Young Scholars, The Hong Kong Mathematical Society, 2018 The 2013-2014 Early Career Award, The Research Grants Council of Hong Kong, 2013", "url": "https://www.polyu.edu.hk/ama/people/academic-staff/prof-qiao-zhonghua/", "appendix": "Department of Applied Mathematics"},
{"name": "Prof. Wang Zhian", "text": "Prof. Wang Zhian Professor 王治安教授 Location TU805, Yip Kit Chuen Bldg. Phone +852 2766 6926 mail zhi.an.wang@polyu.edu.hk stream Personal Website Open Platform for University Scholars ORCID ID SCOPUS ID Education and Academic Qualifications Doctor of Philosophy, University of Alberta Master of Science, Central China Normal University Bachelor of Science, Central China Normal University Research Interests Mathematical modeling and analysis on chemotaxis Traveling waves in reaction-diffusion system Mathematical Physics", "url": "https://www.polyu.edu.hk/ama/people/academic-staff/prof-wang-zhian/", "appendix": "Department of Applied Mathematics"},
{"name": "Prof. Yang Xiaoqi", "text": "Prof. Yang Xiaoqi Professor 楊曉琪教授 Location TU706, Yip Kit Chuen Bldg. Phone +852 2766 6954 mail xiao.qi.yang@polyu.edu.hk stream Personal Website Open Platform for University Scholars ORCID ID SCOPUS ID Education and Academic Qualifications Doctor of Philosophy, University of New South Wales Master of Science, Chinese Academy of Science Research Interests Mathematical optimization Vector optimization Variational analysis Financial optimization Honor and Awards ISI Citation Classic 2000 for the paper \"The vector complementary problem and its equivalences with the weak minimal element in ordered spaces\", Journal of Mathematical Analysis and Applications, Vol. 153 (1990) pp. 136-158. The President's Award for Outstanding Performance / Achievement 2000 in the category of Research and Scholarly Activities, The Hong Kong Polytechnic University.", "url": "https://www.polyu.edu.hk/ama/people/academic-staff/prof-yang--xiaoqi/", "appendix": "Department of Applied Mathematics"},
{"name": "Dr He Daihai", "text": "Dr He Daihai Associate Professor 何岱海博士 Location TU804, Yip Kit Chuen Bldg. Phone +852 2766 7864 mail daihai.he@polyu.edu.hk stream Personal Website Open Platform for University Scholars ORCID ID SCOPUS ID Biography Dr He is an Associate Professor of the Department of Applied Mathematics at The Hong Kong Polytechnic University. He earned a Ph.D. in Engineering from Xi’an Jiaotong University in 1999 and a Ph.D. in Mathematics from McMaster University in Canada in 2006. He also did post-doctoral research in Beijing Normal University (China), University of Michigan (USA), and Tel Aviv University (Israel). His main research interests are infectious disease modelling and statistical analysis of medical data. More than 140 papers have been published in journals such as Science Advances, Annal of Internal Medicine, European Respiratory Journal, Journal of the Royal Society Interface, and the research results have been widely reported in media. His modelling of yellow fever in Angola Africa won the second place in the 2018 International Society for Disease Surveillance’s Best Scientific Contribution Paper; He has several highly cited papers on the study of COVID-19. The study on the typhus epidemic in the Warsaw Ghetto during World War II received more than 100 news reports. He received funding from General Research Fund, Collaborative Research Fund from the Hong Kong Research Grants Council, AIDS Trust fund, Health and Medical Research Fund, and the Alibaba (China) Co. Ltd. Cooperative Research Fund. Education and Academic Qualifications Doctor of Philosophy, McMaster University Doctor of Philosophy, Xi’an Jiaotong University Research Interests Mathematical Epidemiology Statistical Inference of Stochastic Process Honor and Awards Departmental Best Paper Award, Department of Applied Mathematics, The Hong Kong Polytechnic University, 2011/2012, 2014/2015, 2017/2018 Meritorious Winner, Mathematical Contest In Modelling, 2015 and 2019(as faculty advisor) Outstanding Research Articles in Biosurveillance Award (second place) by the International Society of Diseases Surveillance.", "url": "https://www.polyu.edu.hk/ama/people/academic-staff/dr-he-daihai/", "appendix": "Department of Applied Mathematics"},
{"name": "Dr James Huang", "text": "Dr James Huang Associate Professor Location TU808, Yip Kit Chuen Bldg. Phone +852 2766 6961 mail james.huang@polyu.edu.hk stream Personal Website Open Platform for University Scholars ORCID ID SCOPUS ID Education and Academic Qualifications Doctor of Philosophy, University of Alberta Research Interests Statistical estimation and filtering theory (linear, nonlinear) Statistical inference of stochastic process Control and optimization theory (deterministic, stochastic) Mathematical finance and economics", "url": "https://www.polyu.edu.hk/ama/people/academic-staff/dr-james-huang/", "appendix": "Department of Applied Mathematics"},
{"name": "Dr Jiang Binyan", "text": "Dr Jiang Binyan Associate Professor 蔣濱雁博士 Location TU802, Yip Kit Chuen Bldg. Phone +852 2766 6349 mail by.jiang@polyu.edu.hk stream Personal Website Open Platform for University Scholars ORCID ID SCOPUS ID Education and Academic Qualifications Doctor of Philosophy, National University of Singapore Bachelor of Science, University of Science and Technology of China Research Interests High dimensional data analysis Survival data analysis Mixture models Network data analysis", "url": "https://www.polyu.edu.hk/ama/people/academic-staff/dr-jiang-binyan/", "appendix": "Department of Applied Mathematics"},
{"name": "Dr Joseph Lee Heung-wing", "text": "Dr Joseph Lee Heung-wing Associate Professor 李向榮博士 Location TU702, Yip Kit Chuen Bldg. Phone +852 2766 6951 mail joseph.lee@polyu.edu.hk stream Personal Website Open Platform for University Scholars ORCID ID SCOPUS ID Education and Academic Qualifications Doctor of Philosophy, The University of Western Australia Bachelor of Science, The University of Western Australia Research Interests Computational Optimal Controls Scheduling Manpower Planning Problem Optimal Discrete-valued Controls Control of Chaotic Systems Computational Semi-infinite Programming Problems Internet Traffic Control Financial Mathematics Supply Chain Management", "url": "https://www.polyu.edu.hk/ama/people/academic-staff/dr-joseph-lee-heung-wing/", "appendix": "Department of Applied Mathematics"},
{"name": "Dr Catherine Liu Chunling", "text": "Dr Catherine Liu Chunling Associate Professor 劉春玲博士 Location TU830, Yip Kit Chuen Bldg. Phone +852 2766 6931 mail catherine.chunling.liu@polyu.edu.hk stream Personal Website Open Platform for University Scholars ORCID ID SCOPUS ID Education and Academic Qualifications Doctor of Philosophy, The University of Hong Kong Master of Science, Wuhan University Bachelor of Science, Huazhong Normal University Research Interests Biomedical study and its application in epidemiology, ophthalmology, linguistics, and fMRI/DTI Incomplete data analysis: censoring, missing and limit of detection Linear and non-linear modeling and regression analysis Longitudinal/functional/multivariate data analysis and related topics Non- and semi- parametric statistics Sequential analysis in biomedical studies Survival analysis", "url": "https://www.polyu.edu.hk/ama/people/academic-staff/dr-catherine-liu-chunling/", "appendix": "Department of Applied Mathematics"},
{"name": "Dr Lou Yijun", "text": "Dr Lou Yijun Associate Professor 樓一均博士 Location TU826, Yip Kit Chuen Bldg. Phone +852 3400 3980 mail yijun.lou@polyu.edu.hk stream Personal Website Open Platform for University Scholars ORCID ID SCOPUS ID Education and Academic Qualifications Doctor of Philosophy, Memorial University of Newfoundland Master of Science, Zhejiang Normal University Bachelor of Science, Zhejiang Normal University Research Interests Applied Dynamical Systems Differential Equations Mathematical Epidemiology Mathematical Biology", "url": "https://www.polyu.edu.hk/ama/people/academic-staff/dr-lou-yijun/", "appendix": "Department of Applied Mathematics"},
{"name": "Dr Pong Ting-kei", "text": "Dr Pong Ting-kei Associate Professor 龐鼎基博士 Location TU803, Yip Kit Chuen Bldg. Phone +852 3400 3330 mail tk.pong@polyu.edu.hk stream Personal Website Open Platform for University Scholars ORCID ID SCOPUS ID Google Scholar Biography Dr Pong Ting-kei received his Bachelor degree and MPhil degree in 2004 and 2006, respectively, from Department of Mathematics in The Chinese University of Hong Kong. He obtained his PhD degree from Department of Mathematics in University of Washington in June 2011, and had been a Visiting Researcher at Simon Fraser University from July 2010 to March 2011. From June 2011 to July 2013, he worked as a Postdoctoral Fellow at Department of Combinatorics and Optimization in University of Waterloo. From July 2013 to July 2014, he was a PIMS postdoctoral fellow at Department of Computer Science in University of British Columbia. He joined The Hong Kong Polytechnic University on 1st August 2014, as an Assistant Professor in Department of Applied Mathematics. He is currently an Associate Professor in Department of Applied Mathematics. His research interest is continuous optimization. Education and Academic Qualifications Doctor of Philosophy, University of Washington Master of Philosophy, The Chinese University of Hong Kong Bachelor of Science, The Chinese University of Hong Kong Research Interests Convex optimization Numerical methods for large-scale optimization problems", "url": "https://www.polyu.edu.hk/ama/people/academic-staff/dr-pong-ting-kei/", "appendix": "Department of Applied Mathematics"},
{"name": "Dr Alex Wong Kin-yau", "text": "Dr Alex Wong Kin-yau Associate Professor 黃堅祐博士 Location TU701, Yip Kit Chuen Bldg. Phone +852 3400 8983 mail kin-yau.wong@polyu.edu.hk stream Personal Website Open Platform for University Scholars ORCID ID SCOPUS ID Google Scholar Biography Dr Kin Yau (Alex) Wong received his BSc in Actuarial Science and MPhil degrees at the University of Hong Kong in 2010 and 2012, respectively. He received his PhD in Biostatistics degree at the University of North Carolina at Chapel Hill in 2017. He joined the Department of Applied Mathematics at The Hong Kong Polytechnic University as an Assistant Professor in 2017. Dr Wong is primarily interested in developing effective and theoretically-sound statistical methods for the analyses of medical and public health studies, which may involve high-dimensional data and/or censored event times. His research interests include high-dimensional regression analysis, incomplete data analysis, latent variable modelling, semiparametric modelling, and survival analysis. He has published in top-tier statistics journals, including Annals of Statistics, Journal of the American Statistical Association, Biometrics, and Statistica Sinica. Education and Academic Qualifications Bachelor of Science in Actuarial Science, University of Hong Kong Master of Philosophy, University of Hong Kong Doctor of Philosophy, The University of North Carolina at Chapel Hill Research Interests High-Dimensional Data Analysis Integrative Analysis of Genomic data Latent Variable Modeling Statistical Genetics Survival Analysis", "url": "https://www.polyu.edu.hk/ama/people/academic-staff/dr-alex-wong-kin-yau/", "appendix": "Department of Applied Mathematics"},
{"name": "Dr Xu Zuoquan", "text": "Dr Xu Zuoquan Associate Professor 許左權博士 Location TU828, Yip Kit Chuen Bldg. Phone +852 2766 6962 mail zuoquan.xu@polyu.edu.hk stream Personal Website Open Platform for University Scholars ORCID ID SCOPUS ID Education and Academic Qualifications Doctor of Philosophy, The Chinese University of Hong Kong Master of Philosophy, Peking University Bachelor of Science, Nankai University Research Interests Mathematical finance Quantitative behavioral finance Insurance Stochastic control", "url": "https://www.polyu.edu.hk/ama/people/academic-staff/dr-xu-zuoquan/", "appendix": "Department of Applied Mathematics"},
{"name": "Dr Yu Xiang", "text": "Dr Yu Xiang Associate Professor 余翔博士 Location TU809, Yip Kit Chuen Bldg. Phone +852 2766 6930 mail xiang.yu@polyu.edu.hk stream Personal Website Open Platform for University Scholars ORCID ID SCOPUS ID Google Scholar Research Gate Biography Dr. Yu received the B.S. degree in Mathematics at Huazhong University of Science and Technology in 2007 and the Ph.D. degree in Mathematics at the University of Texas at Austin in 2012.  During 2012 to 2015, he worked as the postdoc Assistant Professor in the Department of Mathematics at University of Michigan. Since 2015, Dr. Yu has worked as the Assistant Professor in the Department of Applied Mathematics at the Hong Kong Polytechnic University. Dr Yu’s research interests lie primarily in mathematical finance, applied probability and stochastic analysis, stochastic control and optimization. His recent research focuses on some path-dependent optimal investment and consumption problems, two-layer mean field games, time-inconsistent optimal stopping problems, optimal dividend in new risk models, stochastic control and optimal stopping with learning methods, etc. He has publications in Mathematical Finance, Finance and Stochastics, Annals of Applied Probability, Mathematics of Operations Research, SIAM Journal on Control and Optimization. Education and Academic Qualifications Bachelor of Science, Huazhong University of Science and Technology Doctor of Philosophy, The University of Texas at Austin Research Interests Mathematical Finance Applied Probability Stochastic Control and Optimization", "url": "https://www.polyu.edu.hk/ama/people/academic-staff/dr-yu-xiang/", "appendix": "Department of Applied Mathematics"},
{"name": "Dr Zhang Guofeng", "text": "Dr Zhang Guofeng Associate Professor 張國峰博士 Location TU832, Yip Kit Chuen Bldg. Phone +852 2766 6936 mail guofeng.zhang@polyu.edu.hk stream Personal Website Open Platform for University Scholars ORCID ID SCOPUS ID Google Scholar Biography Dr Zhang received his B.Sc. degree and M.Sc. degree from Northeastern University, Shenyang, China, in 1998 and 2000 respectively. He received a Ph.D. degree in Applied Mathematics from the University of Alberta, Edmonton, Canada, in 2005. During 2005–2006, he was a Postdoc Fellow in the Department of Electrical and Computer Engineering at the University of Windsor, Windsor, Canada. He joined the School of Electronic Engineering of the University of Electronic Science and Technology of China, Chengdu, Sichuan, China, in 2007. From April 2010 to December 2011, he was a Research Fellow in the School of Engineering of The Australian National University. He joined The Hong Kong Polytechnic University in December 2011 and is currently an Associate Professor in the Department of Applied Mathematics. His research interests include quantum information, quantum control, quantum algorithms and tensor computation. He is an Associate Editor of IET Control Theory and Applications, and the Lead Guest Editor for the Special Issue on Quantum Control and Quantum Machine Learning for Journal of The Franklin Institute. Education and Academic Qualifications Doctor of Philosophy, The University of Alberta Master of Science, Northeastern University Bachelor of Science, Northeastern University Research Interests Quantum  information and control Digital control and network-based control Non-linear dynamics", "url": "https://www.polyu.edu.hk/ama/people/academic-staff/dr-zhang-guofeng/", "appendix": "Department of Applied Mathematics"},
{"name": "Dr Zhou Zhi", "text": "Dr Zhou Zhi Associate Professor 周知博士 Location TU709, Yip Kit Chuen Bldg. Phone +852 2766 7865 mail zhi.zhou@polyu.edu.hk stream Personal Website Open Platform for University Scholars ORCID ID SCOPUS ID Education and Academic Qualifications Bachelor of Science, Nanjing University of Aeronautics and Astronautics Doctor of Philosophy, Texas A&M University Research Interests Finite Difference, Finite Volume, Finite Element Approximations for PDEs Scientific Computations Peridynamics and Nonlocal Diffusion, Fractional PDEs Inverse Problems and Optimal Control", "url": "https://www.polyu.edu.hk/ama/people/academic-staff/dr-zhou-zhi/", "appendix": "Department of Applied Mathematics"},
{"name": "Dr Cui Jianbo", "text": "Dr Cui Jianbo Assistant Professor 崔建波博士 Location TU727, Yip Kit Chuen Bldg. Phone +852 2766 6956 mail jianbo.cui@polyu.edu.hk stream Personal Website Open Platform for University Scholars ORCID ID SCOPUS ID Education and Academic Qualifications Bachelor of Science, Sichuan University Doctor of Philosophy, University of Chinese Academy of Sciences Research Interests Analysis and computations of stochastic differential equations Optimal transport theory Structure-preserving numerical methods of Hamiltonian systems", "url": "https://www.polyu.edu.hk/ama/people/academic-staff/dr-cui-jianbo/", "appendix": "Department of Applied Mathematics"},
{"name": "Dr Fu Guanxing", "text": "Dr Fu Guanxing Assistant Professor 傅冠興博士 Location TU806, Yip Kit Chuen Bldg. Phone +852 2766 6957 mail guanxing.fu@polyu.edu.hk Open Platform for University Scholars ORCID ID SCOPUS ID Education and Academic Qualifications Bachelor of Science, Dalian University of Technology Master of Science, Nankai University Doctor of Natural Science, Humboldt University of Berlin Research Interests Mean field games Stochastic control theory Mathematical economics and finance Deep learning in stochastic control", "url": "https://www.polyu.edu.hk/ama/people/academic-staff/dr-fu-guanxing/", "appendix": "Department of Applied Mathematics"},
{"name": "Dr Han Ruijian", "text": "Dr Han Ruijian Assistant Professor 韓睿漸博士 Location TU827, Yip Kit Chuen Bldg. Phone +852 2766 6927 mail ruijian.han@polyu.edu.hk stream Personal Website Open Platform for University Scholars ORCID ID Education and Academic Qualifications Bachelor of Natural Science in Mathematics and Applied Mathematics, Sichuan University Doctor of Philosophy in Mathematics, Hong Kong University of Science and Technology Research Interests Statistical Machine Learning High-dimensional Statistics Network Data Analysis Online inference", "url": "https://www.polyu.edu.hk/ama/people/academic-staff/dr-han-ruijian/", "appendix": "Department of Applied Mathematics"},
{"name": "Dr Jiang Zhaoli", "text": "Academic Staff Dr Jiang Zhaoli Assistant Professor 蔣招立博士 Location TU820, Yip Kit Chuen Bldg. Phone +852 3400 3667 mail zhaoli.jiang@polyu.edu.hk stream Personal Website Education and Academic Qualifications Doctor of Philosophy in Financial Engineering,  The Chinese University of Hong Kong Bachelor of Computational Mathematics, University of Science and Technology of China Research Interests Portfolio Selection Corporate Finance Stochastic Control", "url": "https://www.polyu.edu.hk/ama/people/academic-staff/dr-jiang-zhaoli/", "appendix": "Department of Applied Mathematics"},
{"name": "Dr Li Ting", "text": "Dr Li Ting Assistant Professor 李挺博士 Location TU829, Yip Kit Chuen Bldg. Phone +852 2766 4032 mail tingeric.li@polyu.edu.hk stream Personal Website Open Platform for University Scholars ORCID ID SCOPUS ID Google Scholar Biography Hi, I'm Ting Li. Thank you for visiting. Currently, I am an assistant professor in the Department of Applied Mathematics at Hong Kong Polytechnic University. Prior to joining PolyU, I was a postdoctoral associate in Yale University, Biostatistics Department and supervised by Prof. Heping Zhang. I received my PhD in Hong Kong University of Science and Technology supervised by Prof. Bing-Yi Jing. My research focuses on data science and statistical learning on high dimensional data, especially on network data and biological data. Education and Academic Qualifications Doctor of Philosophy, The Hong Kong University of Science and Technology Master of Philosophy, The Hong Kong University of Science and Technology Bachelor of Science, Zhejiang University Research Interests Network Data Analysis Tensor Brain Data Imaging Genetics Genomics", "url": "https://www.polyu.edu.hk/ama/people/academic-staff/dr-li-ting/", "appendix": "Department of Applied Mathematics"},
{"name": "Dr Yuan Yancheng", "text": "Dr Yuan Yancheng Assistant Professor 袁雁城博士 Location TU821, Yip Kit Chuen Bldg. Phone +852 3400 3858 mail yancheng.yuan@polyu.edu.hk stream Personal Website Open Platform for University Scholars ORCID ID SCOPUS ID Google Scholar Education and Academic Qualifications Doctor of Philosophy, National University of Singapore Bachelor of Science, University of Science and Technology of China Research Interests Large/Huge scale sparse optimization: theory, algorithm design and software development Mathematical foundation for data science Data-driven applications with focus on healthcare and fintech", "url": "https://www.polyu.edu.hk/ama/people/academic-staff/dr-yuan-yancheng/", "appendix": "Department of Applied Mathematics"},
{"name": "Dr Zhang Zaikun", "text": "Dr Zhang Zaikun Assistant Professor 張在坤博士 Location TU824, Yip Kit Chuen Bldg. Phone +852 2766 4592 mail zaikun.zhang@polyu.edu.hk stream Personal Website Open Platform for University Scholars ORCID ID SCOPUS ID Education and Academic Qualifications Bachelor of Science, Jilin University Doctor of Natural Science, Chinese Academy of Sciences Research Interests Theory and algorithms of mathematical optimization", "url": "https://www.polyu.edu.hk/ama/people/academic-staff/dr-zhang-zaikun/", "appendix": "Department of Applied Mathematics"},
{"name": "Dr Zhang Zhu", "text": "Dr Zhang Zhu Assistant Professor 張筑博士 Location TU825, Yip Kit Chuen Bldg. Phone +852 3400 3751 mail zhuama.zhang@polyu.edu.hk stream Personal Website Open Platform for University Scholars Education and Academic Qualifications Bachelor of Science, Wuhan University Doctor of Philosophy, The Chinese University of Hong Kong Research Interests Partial Differential Equations Boundary layer in fluid mechanics Kinetic theory", "url": "https://www.polyu.edu.hk/ama/people/academic-staff/dr-zhang-zhu/", "appendix": "Department of Applied Mathematics"},
{"name": "Dr Bai Kuang", "text": "Dr Bai Kuang Research Assistant Professor 白曠博士 Location TU712, Yip Kit Chuen Bldg. Phone +852 3400 3907 mail kuang.bai@polyu.edu.hk Open Platform for University Scholars ORCID ID SCOPUS ID Biography Dr Bai received his B.S. in Applied Mathematics at Lanzhou University in 2013, M.S. in Operations Research and Control Theory at Dalian University of Technology in 2016, and Ph. D in Optimization at University of Victoria in 2020. Currently, Dr Bai works as a Research Assistant Professor at The Hong Kong Polytechnic University. Dr Bai’s research area is comprised of optimization and variational analysis, as well as their applications in Economics, Engineering and Statistics. In particular, with collaborators, he has derived the directional versions of many classical constraint qualifications for general mathematical programs. These constraint qualifications can recover their classical counterparts and can serve as sufficient conditions for necessary optimality conditions, existence of error bounds and can guarantee useful calculus rules for generalized subgradients. Meanwhile, he also studied the directional optimality conditions of bilevel programs. His recent interests include studying constraint qualifications and optimality conditions for two-level stochastic programs and bilevel programs, as well as sufficient conditions for the existence of error bounds for structured mathematical programs. Dr Bai serves as an referee for many research journals in optimization, such as: SIAM Journal on Optimization, Numerical Algorithms, Journal of Global Optimization, Set-valued and Variational Analysis, etc. Education and Academic Qualifications Doctor of Philosophy, University of Victoria Master of Science, Dalian University of Technology Bachelor of Science, Lanzhou University Research Interests Nonsmooth Optimization Variational Analysis Bilevel Optimization", "url": "https://www.polyu.edu.hk/ama/people/academic-staff/dr-bai-kuang/", "appendix": "Department of Applied Mathematics"},
{"name": "Dr Chen Kexin", "text": "Dr Chen Kexin Research Assistant Professor 陳可歆博士 Location TU813, Yip Kit Chuen Bldg. Phone +852 3400 3903 mail kexin-neme.chen@polyu.edu.hk stream Personal Website Open Platform for University Scholars ORCID ID SCOPUS ID Education and Academic Qualifications Bachelor of Science, The Chinese University of Hong Kong Master of Philosophy, The Chinese University of Hong Kong Doctor of Philosophy, The Chinese University of Hong Kong Research Interests Financial Mathematics: Stochastic control for financial application Optimal stopping problems Partial and asymmetric information problems", "url": "https://www.polyu.edu.hk/ama/people/academic-staff/dr-chen-kexin/", "appendix": "Department of Applied Mathematics"},
{"name": "Dr Gao Yu", "text": "Dr Gao Yu Research Assistant Professor 高瑜博士 Location TU722, Yip Kit Chuen Bldg. Phone +852 2766 6924 mail mathyu.gao@polyu.edu.hk stream Personal Website Open Platform for University Scholars ORCID ID SCOPUS ID Google Scholar Biography Dr. Gao received his B.S. in 2012 and Ph.D degree in 2018 in the Department of Mathematics at Harbin Institute of Technology. From September 2015 to April 2017, he studied in the Department of Mathematics at Duke University as a visiting student. He was a postdoctoral fellow in The University of Hong Kong from June 2018 to June 2020. From June 2020 to now, he worked as a research assistant professor in the Department of Applied Mathematics at The Hong Kong Polytechnic University. Dr. Gao’s research interest lies in nonlinear partial differential equations, especially kinetic equations and integrable systems. His thesis was selected as one of the Excellent Doctoral Theses of Harbin Institute of Technology, and won the Gold Medal of Doctoral Thesis for New World Mathematics Awards in 2018. Dr. Gao was the instructor for MATH4404 (Functional Analysis) at The University of Hong Kong, and one of the lecturers for AMA2111 (Mathematics I) at The Hong Kong Polytechnic University. Education and Academic Qualifications Doctor of Philosophy, Harbin Institute of Technology Bachelor of Science, Harbin Institute of Technology Research Interests Nonlinear dispersive equations, kinetic equations", "url": "https://www.polyu.edu.hk/ama/people/academic-staff/dr-gao-yu/", "appendix": "Department of Applied Mathematics"},
{"name": "Dr James Lee Chun-yin", "text": "Dr James Lee Chun-yin Research Assistant Professor 李峻賢博士 Location TU712, Yip Kit Chuen Bldg. Phone +852 2766 6928 mail james-chun-yin.lee@polyu.edu.hk stream Personal Website Open Platform for University Scholars ORCID ID SCOPUS ID Google Scholar Research Gate Biography Dr Lee received both his B.Sc. degree (2014) and his PhD degree (2020) in Statistics from The University of Hong Kong. He is now a Research Assistant Professor in the Department of Applied Mathematics at The Hong Kong Polytechnic University. His research interests cover several important aspects across survival analysis, namely change-point models, informative clustering problems, the analyses of interval-censored data, and nonparametric estimation methods. The research work has been focused on the application to medical data. In recent publications, he studied the risk of patients with primary biliary cholangitis, the disease-free survival of breast cancer patients, and the risk of periodontal disease. Education and Academic Qualifications Bachelor of Science, The University of Hong Kong Doctor of Philosophy, The University of Hong Kong Research Interests Change Point Modelling Epidemiological Study Nonparametric Estimation Survival Analysis", "url": "https://www.polyu.edu.hk/ama/people/academic-staff/dr-james-lee-chun-yin/", "appendix": "Department of Applied Mathematics"},
{"name": "Dr Liu Xiaoxia", "text": "Dr Liu Xiaoxia Research Assistant Professor 劉曉霞博士 Location TU813, Yip Kit Chuen Bldg. Phone +852 2766 6348 mail xiaoxia.liu@polyu.edu.hk stream Personal Website Open Platform for University Scholars ORCID ID SCOPUS ID Education and Academic Qualifications Doctor of Philosophy, Syracuse University Bachelor of Science, Sun Yat-sen University Research Interests Image processing Optimization Inverse problem", "url": "https://www.polyu.edu.hk/ama/people/academic-staff/dr-liu-xiaoxia/", "appendix": "Department of Applied Mathematics"},
{"name": "Dr Shen Guohao", "text": "Dr Shen Guohao Research Assistant Professor 申國豪博士 Location TU713, Yip Kit Chuen Bldg. Phone +852 2766 4050 mail guohao.shen@polyu.edu.hk stream Personal Website Open Platform for University Scholars ORCID ID SCOPUS ID Education and Academic Qualifications Doctor of Philosophy, The Chinese University of Hong Kong Bachelor of Science, Sichuan University Research Interests Statistical Machine Learning Deep Learning Nonparametric Methods", "url": "https://www.polyu.edu.hk/ama/people/academic-staff/dr-shen-guohao/", "appendix": "Department of Applied Mathematics"},
{"name": "Dr Tang Xindong", "text": "Dr Tang Xindong Research Assistant Professor 唐新東博士 Location TU713, Yip Kit Chuen Bldg. Phone +852 2766 6940 mail xindong.tang@polyu.edu.hk stream Personal Website Open Platform for University Scholars ORCID ID SCOPUS ID Education and Academic Qualifications Doctor of Philosophy, University of California San Diego Bachelor of Science, Sichuan University Research Interests Numerical Optimization Generalized Nash Equilibrium Problem", "url": "https://www.polyu.edu.hk/ama/people/academic-staff/dr-tang-xindong/", "appendix": "Department of Applied Mathematics"},
{"name": "Dr Zhang Junyi", "text": "Dr Zhang Junyi Research Assistant Professor 張君一博士 Location TU814, Yip Kit Chuen Bldg. Phone +852 3400 3904 mail mathjunyi.zhang@polyu.edu.hk stream Personal Website Open Platform for University Scholars ORCID ID SCOPUS ID Education and Academic Qualifications Bachelor of Science, Shandong University Master of Science, The University of Edinburgh Doctor of Philosophy, London School of Economics and Political Science Research Interests Lévy process Excursion theory Exact simulation Parisian options Stochastic simulation", "url": "https://www.polyu.edu.hk/ama/people/academic-staff/dr-zhang-junyi/", "appendix": "Department of Applied Mathematics"},
{"name": "Dr Zhang Hua", "text": "Dr Zhang Hua Senior Teaching Fellow 張驊博士 Location TU812, Yip Kit Chuen Bldg. Phone +852 2766 4031 mail hua.zhang@polyu.edu.hk stream Personal Website Open Platform for University Scholars Education and Academic Qualifications Doctor of Philosophy, Northwestern University Bachelor of Science, Peking University Research Interests Dynamical Systems", "url": "https://www.polyu.edu.hk/ama/people/academic-staff/dr-zhang-hua/", "appendix": "Department of Applied Mathematics"},
{"name": "Dr He Yangbo", "text": "Dr He Yangbo Teaching Fellow 何楊波博士 Location TU715, Yip Kit Chuen Bldg. Phone +852 2766 6960 mail bob.he@polyu.edu.hk stream Personal Website Open Platform for University Scholars SCOPUS ID Biography Dr He received his Bachelor of Science in Mathematics at Fudan University in 2002 and Doctor of Philosophy in Mathematics at City University of Hong Kong in 2008. Dr. He used to work for American International Assurance Company (Bermuda) Limited and taught at The Hong Kong Polytechnic University, Hong Kong Community College, Community College at Lingnan University and Lingnan Institute of Further Education. He is now a Teaching Fellow of Department of Applied Mathematics at The Hong Kong Polytechnic University. Education and Academic Qualifications Bachelor of Science, Fudan University Doctor of Philosophy, City University of Hong Kong Research Interests Nonlinear dynamical system", "url": "https://www.polyu.edu.hk/ama/people/academic-staff/dr-he-yangbo/", "appendix": "Department of Applied Mathematics"},
{"name": "Dr Charles Lee Kei-fung", "text": "Dr Charles Lee Kei-fung Teaching Fellow 李奇峰博士 Location TU715, Yip Kit Chuen Bldg. Phone +852 2766 4033 mail charles.lee@polyu.edu.hk stream Personal Website Open Platform for University Scholars ORCID ID Google Scholar Research Gate Education and Academic Qualifications Postgraduate Diploma in Education, The Chinese University of Hong Kong Bachelor of Science in Computing Mathematics, City University of Hong Kong Doctor of Philosophy, City University of Hong Kong Research Interests Asymptotic Analysis Orthogonal Polynomials Special Functions", "url": "https://www.polyu.edu.hk/ama/people/academic-staff/dr-charles-lee-kei-fung/", "appendix": "Department of Applied Mathematics"},
{"name": "Dr Leung Chun-sing", "text": "Dr Leung Chun-sing Teaching Fellow 梁振聲博士 Location TU716, Yip Kit Chuen Bldg. Phone +852 3400 3905 mail chun-sing-hkpu.leung@polyu.edu.hk stream Personal Website Open Platform for University Scholars SCOPUS ID Education and Academic Qualifications Certificate of Credit in Astronomy by Distance Learning, UNIVERSITY OF MANCHESTER Diploma in Marine Engineering and Fabrication, Vocational Training Council Higher Diploma in Marine Engineering, Hong Kong Polytechnic Postgraduate Diploma in Education, Chinese University of Hong Kong Bachelor of Science in Mathematics, The Open University of Hong Kong Bachelor of Engineering, City University of Hong Kong Master of Philosophy, University of Hong Kong Doctor of Natural Science, Chinese Academy of Sciences Research Interests Astrophysics Radio Astronomy Cosmology Honor and Awards 2020-present: Member, International Astronomical Union (IAU) Discover a Nova from Chinese National Astronomical Observatory at 1999. The International Astronomical Union's code is SN1999bs.", "url": "https://www.polyu.edu.hk/ama/people/academic-staff/dr-leung-chun-sing/", "appendix": "Department of Applied Mathematics"},
{"name": "Dr Allen Tai Hoi-lun", "text": "Dr Allen Tai Hoi-lun Teaching Fellow 戴凱倫博士 Location TU716, Yip Kit Chuen Bldg. Phone +852 2766 4694 mail allen.tai@polyu.edu.hk stream Personal Website Open Platform for University Scholars SCOPUS ID Education and Academic Qualifications Bachelor of Science, The University of Hong Kong Master of Philosophy, The University of Hong Kong Doctor of Philosophy, The University of Hong Kong Research Interests Mathematical Modeling and Optimization in Supply Chain Management Inventory Theory Industrial Engineering Honor and Awards Best Student Paper Award of The 2009 International Conference of Applied and Engineering Mathematics The World Congress on Engineering 2009 Excellent Student Paper Award (Quality Management/Engineering), The 36th International Conference on Computers & Industrial Engineering 2006 Award for Outstanding Research Postgraduate Student, The University of Hong Kong 2006", "url": "https://www.polyu.edu.hk/ama/people/academic-staff/dr-allen-tai-hoi-lun/", "appendix": "Department of Applied Mathematics"},
{"name": "Dr Ho Chor-yin", "text": "Dr Ho Chor-yin Instructor 何楚賢博士 Location TU721, Yip Kit Chuen Bldg. Phone +852 3400 3910 mail chor.yin.ho@polyu.edu.hk stream Personal Website Open Platform for University Scholars Education and Academic Qualifications Bachelor of Science, The Chinese University of Hong Kong Master of Science in Electronic Engineering, City University of Hong Kong Master of Science, The Chinese University of Hong Kong Master of Philosophy, The Chinese University of Hong Kong Doctor of Philosophy in Mathematics, The Chinese University of Hong Kong Research Interests Differential geometry", "url": "https://www.polyu.edu.hk/ama/people/academic-staff/dr-ho-chor-yin/", "appendix": "Department of Applied Mathematics"},
{"name": "Mr Andy Cheung Yat-ming", "text": "Mr Andy Cheung Yat-ming Instructor 張一鳴 Location TU720, Yip Kit Chuen Bldg. Phone +852 2766 4030 mail andy.cheung@polyu.edu.hk stream Personal Website Open Platform for University Scholars Education and Academic Qualifications Bachelor of Science, The Chinese University of Hong Kong Master of Philosophy in Mathematics, The Chinese University of Hong Kong Research Interests Optimization Partial Differentiation Equations Minimal Surface", "url": "https://www.polyu.edu.hk/ama/people/academic-staff/mr-andy-cheung-yat-ming/", "appendix": "Department of Applied Mathematics"},
{"name": "Mr Adam Leung Man-kin", "text": "Mr Adam Leung Man-kin Instructor 梁文鍵 Location TU720, Yip Kit Chuen Bldg. Phone +852 2766 6953 mail adam.leung@polyu.edu.hk stream Personal Website Open Platform for University Scholars Education and Academic Qualifications Bachelor of Science in Mathematics and Physics, Hong Kong University of Science and Technology Master of Philosophy in Mathematics, Hong Kong University of Science and Technology Research Interests Computational Fluid Dynamics Mathematical Physics Mathematics and Arts", "url": "https://www.polyu.edu.hk/ama/people/academic-staff/mr-adam-leung-man-kin/", "appendix": "Department of Applied Mathematics"},
{"name": "Mr Frankie Tsoi Sze-leong", "text": "Mr Frankie Tsoi Sze-leong Instructor 蔡思亮 Location TU711, Yip Kit Chuen Bldg. Phone +852 2766 6959 mail frankie.sl.tsoi@polyu.edu.hk stream Personal Website Open Platform for University Scholars Education and Academic Qualifications Master of Philosophy, The Hong Kong Polytechnic University Bachelor of Science, (Actuarial Science), Simon Fraser University Research Interests Inverted Probability Loss Functions Spatial Statistics", "url": "https://www.polyu.edu.hk/ama/people/academic-staff/mr-frankie-tsoi-sze-leong/", "appendix": "Department of Applied Mathematics"},
{"name": "Mr Angus Yeung Hon-keung", "text": "Mr Angus Yeung Hon-keung Instructor 楊翰強 Location TU714, Yip Kit Chuen Bldg. Phone +852 2766 6943 mail angus.yeung@polyu.edu.hk stream Personal Website Open Platform for University Scholars Education and Academic Qualifications Master of Philosophy, The Hong Kong Polytechnic University Bachelor of Science in Actuarial Science, The Hong Kong Polytechnic University Bachelor of Social Sciences, The University of Hong Kong Research Interests Supply Chain Management Optimization Actuarial Analysis", "url": "https://www.polyu.edu.hk/ama/people/academic-staff/mr-angus-yeung-hon-keung/", "appendix": "Department of Applied Mathematics"}
]
