[
{"name": "Dr Jane ROBBINS", "text": "Dr Jane ROBBINS Academic Staff Dr Jane ROBBINS Interim Director of English Language Centre Location A610a, Chung Sze Yuen Building Phone +852 2766 7535 mail jane.robbins@polyu.edu.hk SCOPUS ID Education and Academic Qualifications Diploma in Teaching English as a Foreign Language, The English Language Centre, London Bachelor of Arts, The University of Sheffield Doctor of Philosophy, The University of Sheffield", "url": "https://www.polyu.edu.hk/elc/people/academic/jane-robbins/", "appendix": "English Language Centre"},
{"name": "Ms Anna HO", "text": "Ms Anna HO Academic Staff Ms Anna HO Associate Director of English Language Centre Location AG655, Chung Sze Yuen Building Phone +852 2766 7494 mail anna.ho@polyu.edu.hk Education and Academic Qualifications Teacher Certificate, Education Department, Hong Kong (Sir Robert Black College of Education) Bachelor of Arts, The Chinese University of Hong Kong Master of Philosophy, The Chinese University of Hong Kong", "url": "https://www.polyu.edu.hk/elc/people/academic/anna-ho/", "appendix": "English Language Centre"},
{"name": "Mr Adam FORRESTER", "text": "Mr Adam FORRESTER Academic Staff PolyU Scholars Hub Mr Adam FORRESTER Assistant Dean of Faculty of Humanities Location FG312, Kinmay W. Tang Building Phone +852 2766 4933 mail adam.forrester@polyu.edu.hk Open Platform for University Scholars ORCID ID Biography Adam does not like a “say no” attitude. In the 21st century, not wanting, or not knowing how to do something is never an excuse. If you don't know how to do something, learn - we are in the age of life-long learning! Someone else will more than likely be able to do it faster and better than you, but the knowledge you have gained will enable the end result to be much better, even if in the end you get someone to do that thing for you. If you don't want to do something, be careful. While in the past people could spend a lifetime sitting behind a desk doing a minimum of work, in today's world you can be easily found out. Find out about AI and education in Adam's video . See Adam's publications here . ☛ Adam supports all projects which lead to better teaching and learning . This is the key question that should be asked behind any new initiative. Does it lead to improved teaching and learning? If not, what is the purpose of the initiative? ☛ Adam started and is now part of the team creating the ELC Open Online Courses . ☛ Adam is leading the team integrating multimodality in the ELC's HD subjects ☛ Adam led the ELC's VR/AR Job interviews project. ☛ Adam led the PolyU team on the HKCPD Hub . Go to this Sway Education and Academic Qualifications Certificate in English Language Teaching to Adults, The Royal Society of Arts Examinations Board Bachelor of Arts, University of London Master of Arts in Teaching of English to Speakers of Other Languages, University of London", "url": "https://www.polyu.edu.hk/elc/people/academic/adam-forrester/", "appendix": "English Language Centre"},
{"name": "Dr Linda LIN", "text": "Dr Linda LIN Academic Staff PolyU Scholars Hub Dr Linda LIN Senior Teaching Fellow Location AG618, Chung Sze Yuen Building Phone +852 2766 7501 mail linda.lin@polyu.edu.hk Open Platform for University Scholars Education and Academic Qualifications Certificate of Registration, Board of Teacher Registration Postgraduate Diploma in Education, The University of Queensland Bachelor of Arts, Xi'an Foreign Language Institute Master of Arts in English Language Teaching, The Hong Kong Polytechnic University Doctor of Philosophy, The Hong Kong Polytechnic University", "url": "https://www.polyu.edu.hk/elc/people/academic/linda-lin/", "appendix": "English Language Centre"},
{"name": "Dr Andrew MORRALL", "text": "Dr Andrew MORRALL Academic Staff Dr Andrew MORRALL Senior Teaching Fellow Location AG646, Chung Sze Yuen Building Phone +852 2766 4088 mail andrew.morrall@polyu.edu.hk ORCID ID Education and Academic Qualifications Diploma in the Teaching of English as a Foreign Language to Adults, University of Cambridge Diploma in Management Studies, Robert Gordon's Institute of Technology Master of Science in Information Technology in Education, The University of Hong Kong Master of Arts in English Language Teaching, The Hong Kong Polytechnic University Master of Arts (Honours) in Political Studies, University of Aberdeen Doctor of Applied Language Sciences, The Hong Kong Polytechnic University Doctorate", "url": "https://www.polyu.edu.hk/elc/people/academic/andrew-morrall/", "appendix": "English Language Centre"},
{"name": "Mr Jay BIDAL", "text": "Mr Jay BIDAL Academic Staff Mr Jay BIDAL Teaching Fellow Location AG616, Chung Sze Yuen Building Phone +852 2766 7574 mail jay.bidal@polyu.edu.hk Education and Academic Qualifications Master of Education, Brock University", "url": "https://www.polyu.edu.hk/elc/people/academic/jay-bidal/", "appendix": "English Language Centre"},
{"name": "Dr Joe CHING", "text": "Dr Joe CHING Academic Staff Dr Joe CHING Teaching Fellow Location AG613, Chung Sze Yuen Building Phone +852 2766 7650 mail joe.ching@polyu.edu.hk Education and Academic Qualifications Teacher's Certificate, Education Department, Hong Kong (Grantham College of Education) Bachelor of Education, The University of Liverpool Master of Education, The University of Hong Kong Doctor of Philosophy, Edith Cowan University", "url": "https://www.polyu.edu.hk/elc/people/academic/joe-ching/", "appendix": "English Language Centre"},
{"name": "Dr Eric HO", "text": "Dr Eric HO Academic Staff PolyU Scholars Hub Dr Eric HO Teaching Fellow Location FG323, Kinmay W. Tang Building Phone +852 3400 8352 mail eric.lm.ho@polyu.edu.hk Open Platform for University Scholars ORCID ID Education and Academic Qualifications Postgraduate Diploma in Education (Teaching of English), Hong Kong Baptist University Bachelor of Arts, Hong Kong Baptist University Master of Arts, The Chinese University of Hong Kong Doctor of Education, University of Bristol", "url": "https://www.polyu.edu.hk/elc/people/academic/eric-ho/", "appendix": "English Language Centre"},
{"name": "Dr John IVESON", "text": "Dr John IVESON Academic Staff Dr John IVESON Teaching Fellow Location A603, Chung Sze Yuen Building Phone +852 2766 7530 mail john.iveson@polyu.edu.hk Education and Academic Qualifications Certificate in the Teaching of English as a Foreign Language to Adults, University of Cambridge Diploma in the Teaching of English as a Foreign language to Adults, University of Cambridge Postgraduate Certificate in Education - Secondary, The Open University Master of Arts, Sheffield Hallam University Doctor of Philosophy in E-Research and Technology Enhanced Learning, The University of Lancaster", "url": "https://www.polyu.edu.hk/elc/people/academic/john-iveson/", "appendix": "English Language Centre"},
{"name": "Ms Vivian LI", "text": "Ms Vivian LI Academic Staff Ms Vivian LI Teaching Fellow Location A608, Chung Sze Yuen Building Phone +852 2766 4501 mail vivian.yy.li@polyu.edu.hk", "url": "https://www.polyu.edu.hk/elc/people/academic/vivian-li/", "appendix": "English Language Centre"},
{"name": "Dr Grace LIM", "text": "Dr Grace LIM Academic Staff Dr Grace LIM Teaching Fellow Location AG615, Chung Sze Yuen Building Phone +852 2766 7499 mail grace.lim@polyu.edu.hk Education and Academic Qualifications Teacher Certificate, Education Department, Hong Kong (Sir Robert Black College of Education) Bachelor of Education, University of Nottingham Master of Arts in Special Applications of Linguistics, The University of Birmingham Master of Arts, The University of Hong Kong", "url": "https://www.polyu.edu.hk/elc/people/academic/grace-lim/", "appendix": "English Language Centre"},
{"name": "Ms Angel LUNG", "text": "Ms Angel LUNG Academic Staff Ms Angel LUNG Teaching Fellow Location AG614, Chung Sze Yuen Building Phone +852 2766 7518 mail angel.lung@polyu.edu.hk Education and Academic Qualifications Postgraduate Certificate in Education, The University of Hong Kong Bachelor of Arts in Translation, Lingnan College Master of Arts in English Language Studies and Methods, The University of Warwick", "url": "https://www.polyu.edu.hk/elc/people/academic/angel-lung/", "appendix": "English Language Centre"},
{"name": "Dr David WONG", "text": "Dr David WONG Academic Staff Dr David WONG Teaching Fellow Location AG619, Chung Sze Yuen Building Phone +852 2766 7504 mail david.wong.elc@polyu.edu.hk Education and Academic Qualifications Bachelor of Arts in Teaching English as a Second Language, City University of Hong Kong Master of Arts in English Studies, The University of Hong Kong Doctor of Education, University of Bristol", "url": "https://www.polyu.edu.hk/elc/people/academic/david-wong/", "appendix": "English Language Centre"},
{"name": "Ms Jessica XIA", "text": "Ms Jessica XIA Academic Staff Ms Jessica XIA Teaching Fellow Location A602, Chung Sze Yuen Building Phone +852 2766 4969 mail jessica.xia@polyu.edu.hk Education and Academic Qualifications Bachelor of Arts, The Chinese University of Hong Kong Master of Arts in English (Applied English Linguistics), The Chinese University of Hong Kong", "url": "https://www.polyu.edu.hk/elc/people/academic/jessica-xia/", "appendix": "English Language Centre"},
{"name": "Dr Zarina ABENOJA-PATEL", "text": "Dr Zarina ABENOJA-PATEL Academic Staff Dr Zarina ABENOJA-PATEL Instructor Location FG301, Kinmay W. Tang Building Phone +852 2766 4460 mail zarina.abenoja-patel@polyu.edu.hk Education and Academic Qualifications Bachelor of Social Sciences in Psychology, City University of Hong Kong Master of Arts in English Language Teaching, The Hong Kong Polytechnic University Master in Counselling, Monash University Doctor of Philosophy, The Education University of Hong Kong", "url": "https://www.polyu.edu.hk/elc/people/academic/zarina-abenoja-patel/", "appendix": "English Language Centre"},
{"name": "Mr Adam BARKER", "text": "Mr Adam BARKER Academic Staff Mr Adam BARKER Instructor Location AG633, Chung Sze Yuen Building Phone +852 2766 4935 mail adam.barker@polyu.edu.hk Education and Academic Qualifications Graduate Diploma in Education, UNIVERSITY OF QUEENSLAND Bachelor of Arts, University of the Sunshine Coast Bachelor of Arts, University of the Sunshine Coast Master of Teaching English to Speakers of Other Languages, Deakin University", "url": "https://www.polyu.edu.hk/elc/people/academic/adam-barker/", "appendix": "English Language Centre"},
{"name": "Mr Daniel BARLOW", "text": "Mr Daniel BARLOW Academic Staff Mr Daniel BARLOW Instructor Location A609, Chung Sze Yuen Building Phone +852 2766 4970 mail daniel.a.barlow@polyu.edu.hk Education and Academic Qualifications Bachelor of Arts, Bath Spa University Master of Arts in English Studies for the Professions (English Language Teaching), The Hong Kong Polytechnic University", "url": "https://www.polyu.edu.hk/elc/people/academic/daniel-barlow/", "appendix": "English Language Centre"},
{"name": "Mr Richard BROOKE", "text": "Mr Richard BROOKE Academic Staff Mr Richard BROOKE Instructor Location AG645, Chung Sze Yuen Building Phone +852 2766 5579 mail richard.brooke@polyu.edu.hk Education and Academic Qualifications Postgraduate Diploma in The Teaching of English as a Foreign Language, University of Ulster Postgraduate Diploma in Educational Studies, The University of Sheffield Bachelor of Arts, University of Ulster Master of Arts, University of Ulster", "url": "https://www.polyu.edu.hk/elc/people/academic/richard-brooke/", "appendix": "English Language Centre"},
{"name": "Ms Cecily CHAN", "text": "Ms Cecily CHAN Academic Ms Cecily CHAN Instructor Location A606, Chung Sze Yuen Building mail cecily.chan@polyu.edu.hk Education and Academic Qualifications Certificate in Teaching English to Speakers of Other Languages, Trinity College London LTCL Recital in Solo Piano, Trinity College London Bachelor of Arts in Music, The Chinese University of Hong Kong Master of Arts in Journalism, The Chinese University of Hong Kong", "url": "https://www.polyu.edu.hk/elc/people/academic/cecily-chan/", "appendix": "English Language Centre"},
{"name": "Ms Kay CHAN", "text": "Ms Kay CHAN Academic Staff Ms Kay CHAN Instructor Location AG644, Chung Sze Yuen Building Phone +852 2766 4504 mail kayc.chan@polyu.edu.hk", "url": "https://www.polyu.edu.hk/elc/people/academic/kay-chan/", "appendix": "English Language Centre"},
{"name": "Ms Winney CHAN", "text": "Ms Winney CHAN Academic Ms Winney CHAN Instructor Location A606, Chung Sze Yuen Building Phone +852 3400 3828 mail winneykm.chan@polyu.edu.hk Education and Academic Qualifications Certificate in Teaching English to Speakers of Other Languages, Columbia University Bachelor of Arts in Language Studies with Business, The Hong Kong Polytechnic University Master of Arts, The Chinese University of Hong Kong", "url": "https://www.polyu.edu.hk/elc/people/academic/winney-chan/", "appendix": "English Language Centre"},
{"name": "Mr Richard CHARLES", "text": "Mr Richard CHARLES Academic Staff Mr Richard CHARLES Instructor Location AG628, Chung Sze Yuen Building Phone +852 2766 7556 mail charlie.email@polyu.edu.hk Education and Academic Qualifications Certificate in English Language Teaching (Secondary), The University of Hong Kong Certificate for the Teaching of English as a Foreign Language to Adults, Royal Society of Arts Examinations Board Diploma in the Teaching of English as a Foreign Language to Adults, University of Cambridge Bachelor of Social Sciences, The Open Learning Institute of Hong Kong Master of Arts in English Studies for the Professions, The Hong Kong Polytechnic University", "url": "https://www.polyu.edu.hk/elc/people/academic/richard-charles/", "appendix": "English Language Centre"},
{"name": "Ms Mary CHENG", "text": "Ms Mary CHENG Academic Staff Ms Mary CHENG Instructor Location FG304, Kinmay W. Tang Building Phone +852 3400 8340 mail mary.cheng@polyu.edu.hk", "url": "https://www.polyu.edu.hk/elc/people/academic/mary-cheng/", "appendix": "English Language Centre"},
{"name": "Ms Denise CHEUNG", "text": "Ms Denise CHEUNG Academic Staff Ms Denise CHEUNG Instructor Location FG311, Kinmay W. Tang Building Phone +852 3400 8349 mail denise.cheung@polyu.edu.hk Education and Academic Qualifications Higher Diploma in Translation and Interpretation, City University of Hong Kong Master of Science in Teaching English to Speakers of Other Languages, The University of Stirling Master of Arts in Translating and Interpreting, University of Newcastle Upon Tyne", "url": "https://www.polyu.edu.hk/elc/people/academic/denise-cheung/", "appendix": "English Language Centre"},
{"name": "Ms Dorothy CHOW", "text": "Ms Dorothy CHOW Academic Staff Ms Dorothy CHOW Instructor Location FG308, Kinmay W. Tang Building Phone +852 3400 8347 mail dorothy.chow@polyu.edu.hk ORCID ID Research Interests Mobile Learning - Using Clickers Task-based Learning Educational Technology Blended Learning Learner Motivation", "url": "https://www.polyu.edu.hk/elc/people/academic/dorothy-chow/", "appendix": "English Language Centre"},
{"name": "Mr Michael DEAN", "text": "Mr Michael DEAN Academic Staff Mr Michael DEAN Instructor Location AG645, Chung Sze Yuen Building Phone +852 3400 3315 mail michael.dean@polyu.edu.hk", "url": "https://www.polyu.edu.hk/elc/people/academic/michael-dean/", "appendix": "English Language Centre"},
{"name": "Mr James EVANS", "text": "Mr James EVANS Academic Staff Mr James EVANS Instructor Location AG650, Chung Sze Yuen Building Phone +852 2766 7709 mail james.evans@polyu.edu.hk Education and Academic Qualifications Certificate in Teaching English to Speakers of Other Languages, Trinity College London International Diploma in Language Teaching Management, University of Cambridge ESOL Examinations/ University of Queensland Cambridge RSA Diploma in English Language Teaching to Adults, University of Cambridge Local Examinations Syndicate Bachelor of Arts in Scandinavian Studies, University of Newcastle Upon Tyne Master of Arts in Teaching English to Speakers of Other Languages, The University of Lancaster", "url": "https://www.polyu.edu.hk/elc/people/academic/james-evans/", "appendix": "English Language Centre"},
{"name": "Ms Felicia FANG", "text": "Ms Felicia FANG Academic Staff Ms Felicia FANG Instructor Location FG311, Kinmay W. Tang Building Phone +852 3400 3825 mail felicia.fang@polyu.edu.hk", "url": "https://www.polyu.edu.hk/elc/people/academic/felicia-fang/", "appendix": "English Language Centre"},
{"name": "Dr Andy FUNG", "text": "Dr Andy FUNG Academic Staff Dr Andy FUNG Instructor Location AG651, Chung Sze Yuen Building Phone +852 2766 7524 mail andy.kcfung@polyu.edu.hk", "url": "https://www.polyu.edu.hk/elc/people/academic/andy-fung/", "appendix": "English Language Centre"},
{"name": "Ms Dawn GILLIS", "text": "Ms Dawn GILLIS Academic Staff Ms Dawn GILLIS Instructor Location FG313, Kinmay W. Tang Building Phone +852 3400 8330 mail dawn.gillis@polyu.edu.hk Education and Academic Qualifications Certificate in English Language Teaching to Adults, University of Cambridge Postgraduate Certificate in Teaching English as Foreign Language (TEFL), University of Birmingham Bachelor of Arts, Saint Mary's University Master of Education (TESOL), The University of Tasmania", "url": "https://www.polyu.edu.hk/elc/people/academic/dawn-gillis/", "appendix": "English Language Centre"},
{"name": "Mr Kevin GOH", "text": "Mr Kevin GOH Academic Mr Kevin GOH Instructor Location FG306, Kinmay W. Tang Building Phone +852 2766 4328 mail kevin.goh@polyu.edu.hk Education and Academic Qualifications Bachelor of Arts (English Language), Universiti Putra Malaysia Master of English for Specific Purposes, Universiti Putra Malaysia Professional Qualifications Certified Professional Resume Writer Certified Employment Interview Professional Certified Behavioural Consultant", "url": "https://www.polyu.edu.hk/elc/people/academic/kevin-goh/", "appendix": "English Language Centre"},
{"name": "Mr Dean GUI", "text": "Mr Dean GUI Academic Staff Mr Dean GUI Instructor Location AG656, Chung Sze Yuen Building Phone +852 2766 7520 mail dean.a.f.gui@polyu.edu.hk Education and Academic Qualifications Master of Arts, University of Illinois, Chicago Campus Professional Qualifications NCATE English Secondary School Teaching", "url": "https://www.polyu.edu.hk/elc/people/academic/dean-gui/", "appendix": "English Language Centre"},
{"name": "Mr Frankie HAR", "text": "Mr Frankie HAR Academic Staff Mr Frankie HAR Instructor Location A609, Chung Sze Yuen Building Phone +852 2766 4968 mail frankie.tk.har@polyu.edu.hk ORCID ID Education and Academic Qualifications Postgraduate Diploma in Education, The University of Hong Kong Bachelor of Arts in English as a Foreign Language, The University of Stirling Master of Arts in Language Studies, Lancaster University Professional Qualifications Member of Chartered Institute of Linguists Research Interests Sociolinguistics Translanguaging Second Language Acquisition Innovative Technology in Education Gamification in ELT Python for linguistic research", "url": "https://www.polyu.edu.hk/elc/people/academic/frankie-har/", "appendix": "English Language Centre"},
{"name": "Mr Geffrey HEATHMAN", "text": "Mr Geffrey HEATHMAN Academic Staff Mr Geffrey HEATHMAN Instructor Location FG305, Kinmay W. Tang Building Phone +852 3400 8346 mail g.heathman@polyu.edu.hk Education and Academic Qualifications Bachelor of Science in Computer Science, University of California at Santa Barbara Master of Arts Linguistics (TESOL), University of Surrey", "url": "https://www.polyu.edu.hk/elc/people/academic/geffrey-heathman/", "appendix": "English Language Centre"},
{"name": "Ms Jin HUANG", "text": "Ms Jin HUANG Academic Staff Ms Jin HUANG Instructor Location AG653, Chung Sze Yuen Building Phone +852 2766 7981 mail jin.jh.huang@polyu.edu.hk Education and Academic Qualifications Certificate in Teaching English to Speakers of Other Languages, University of Cambridge and RSA Examination Board Master of Arts in English Language Studies, The Hong Kong Polytechnic University", "url": "https://www.polyu.edu.hk/elc/people/academic/jin-huang/", "appendix": "English Language Centre"},
{"name": "Ms Karen HUI", "text": "Ms Karen HUI Academic Staff Ms Karen HUI Instructor Location A605, Chung Sze Yuen Building Phone +852 2766 7532 mail karen.y.y.hui@polyu.edu.hk", "url": "https://www.polyu.edu.hk/elc/people/academic/karen-hui/", "appendix": "English Language Centre"},
{"name": "Mr Ryan HUNTER", "text": "Mr Ryan HUNTER Academic Staff Mr Ryan HUNTER Instructor Location AG656, Chung Sze Yuen Building Phone +852 2766 7896 mail ryan.hunter@polyu.edu.hk Education and Academic Qualifications Bachelor of Arts, Lake Forest College Master of Arts in Linguistics, University of Illinois at Chicago", "url": "https://www.polyu.edu.hk/elc/people/academic/ryan-hunter/", "appendix": "English Language Centre"},
{"name": "Ms Lynn HUYNH", "text": "Ms Lynn HUYNH Academic Staff Ms Lynn HUYNH Instructor Location AG644, Chung Sze Yuen Building Phone +852 2766 4503 mail lynn.huynh@polyu.edu.hk", "url": "https://www.polyu.edu.hk/elc/people/academic/lynn-huynh/", "appendix": "English Language Centre"},
{"name": "Mr Christopher HYDE", "text": "Mr Christopher HYDE Academic Mr Christopher HYDE Instructor Location FG305, Kinmay W. Tang Building Phone +852 2766 5629 mail christopher.hyde@polyu.edu.hk", "url": "https://www.polyu.edu.hk/elc/people/academic/chris-hyde/", "appendix": "English Language Centre"},
{"name": "Ms Joey KWOK", "text": "Ms Joey KWOK Academic Staff Ms Joey KWOK Instructor Location AG649, Chung Sze Yuen Building Phone +852 2766 7561 mail joeypf.kwok@polyu.edu.hk Education and Academic Qualifications Postgraduate Diploma in Education, Chinese University of Hong Kong Master of Arts, The University of Lancaster", "url": "https://www.polyu.edu.hk/elc/people/academic/joey-kwok/", "appendix": "English Language Centre"},
{"name": "Ms Scarlett LAI", "text": "Ms Scarlett LAI Academic Staff Ms Scarlett LAI Instructor Location A605, Chung Sze Yuen Building Phone +852 3400 3323 mail chiu-wai.lai@polyu.edu.hk", "url": "https://www.polyu.edu.hk/elc/people/academic/scarlett-lai/", "appendix": "English Language Centre"},
{"name": "Ms Carina LAM", "text": "Ms Carina LAM Academic Staff Ms Carina LAM Instructor Location AG643, Chung Sze Yuen Building Phone +852 2766 7510 mail carina.lam@polyu.edu.hk Education and Academic Qualifications Postgraduate Diploma in Education, Hong Kong Baptist University Bachelor of Arts in English Language and Literature, Hong Kong Baptist University Master of Arts, The Chinese University of Hong Kong", "url": "https://www.polyu.edu.hk/elc/people/academic/carina-lam/", "appendix": "English Language Centre"},
{"name": "Mr William LAU", "text": "Mr William LAU Academic Staff Mr William LAU Language Instructor Location AG624, Chung Sze Yuen Building Phone +852 2766 7942 mail william.lau1@polyu.edu.hk Education and Academic Qualifications Master of Arts in Applied Linguistics, The University of Hong Kong", "url": "https://www.polyu.edu.hk/elc/people/academic/william-lau/", "appendix": "English Language Centre"},
{"name": "Dr Tim LEE", "text": "Dr Tim LEE Academic Staff Dr Tim LEE Instructor Location AG632, Chung Sze Yuen Building Phone +852 2766 7521 mail tim.so.lee@polyu.edu.hk Education and Academic Qualifications Bachelor of Education, The Chinese University of Hong Kong Master of Arts, The Chinese University of Hong Kong Doctor of Philosophy, The University of Hong Kong", "url": "https://www.polyu.edu.hk/elc/people/academic/tim-lee/", "appendix": "English Language Centre"},
{"name": "Ms Visanna LEE", "text": "Ms Visanna LEE Academic Staff Ms Visanna LEE Instructor Location FG307, Kinmay W. Tang Building Phone +852 3400 8335 mail visanna.lee@polyu.edu.hk", "url": "https://www.polyu.edu.hk/elc/people/academic/visanna-lee/", "appendix": "English Language Centre"},
{"name": "Dr Vickie LI", "text": "Dr Vickie LI Academic Staff Dr Vickie LI Instructor Location AG648, Chung Sze Yuen Building Phone +852 2766 7553 mail vickie.li@polyu.edu.hk Education and Academic Qualifications Doctor of Philosophy (Education Studies), The University of Western Ontario", "url": "https://www.polyu.edu.hk/elc/people/academic/vickie-li/", "appendix": "English Language Centre"},
{"name": "Mr Jim LO", "text": "Mr Jim LO Academic Staff Mr Jim LO Instructor Location AG635, Chung Sze Yuen Building Phone +852 2766 5580 mail jim.lo@polyu.edu.hk Education and Academic Qualifications Bachelor of Arts in Teaching English as a Second Language, City University of Hong Kong Master of Philosophy, City University of Hong Kong", "url": "https://www.polyu.edu.hk/elc/people/academic/jim-lo/", "appendix": "English Language Centre"},
{"name": "Mr Mitchell MAK", "text": "Mr Mitchell MAK Academic Staff Mr Mitchell MAK Instructor Location AG651, Chung Sze Yuen Building Phone +852 2766 4490 mail mitchell.mak@polyu.edu.hk", "url": "https://www.polyu.edu.hk/elc/people/academic/mitchell-mak/", "appendix": "English Language Centre"},
{"name": "Mr Andrew MOSSMAN", "text": "Mr Andrew MOSSMAN Academic Staff Mr Andrew MOSSMAN Language Instructor Location AG629, Chung Sze Yuen Building Phone +852 2766 7505 mail andrew.mossman@polyu.edu.hk Education and Academic Qualifications Certificate for the Teaching of English as a Foreign Language to Adults, University of Cambridge Diploma in the Teaching of English as a Foreign Language to Adults, University of Cambridge Bachelor of Arts, The Victoria University of Manchester Master of Arts in English for Specific Purposes, City University of Hong Kong", "url": "https://www.polyu.edu.hk/elc/people/academic/andrew-mossman/", "appendix": "English Language Centre"},
{"name": "Ms Agnes NG", "text": "Ms Agnes NG Academic Staff Ms Agnes NG Instructor Location AG622, Chung Sze Yuen Building Phone +852 2766 7533 mail agnes.ng@polyu.edu.hk", "url": "https://www.polyu.edu.hk/elc/people/academic/agnes-ng/", "appendix": "English Language Centre"},
{"name": "Ms Miranda O'HAGAN", "text": "Ms Miranda O'HAGAN Academic Staff Ms Miranda O'HAGAN Instructor Location AG631, Chung Sze Yuen Building Phone +852 3400 3834 mail miranda.ohagan@polyu.edu.hk", "url": "https://www.polyu.edu.hk/elc/people/academic/miranda-ohagan/", "appendix": "English Language Centre"},
{"name": "Mr John OULLETTE", "text": "Mr John OULLETTE Academic Staff Mr John OULLETTE Instructor Location FG303, Kinmay W. Tang Building Phone +852 2766 4231 mail john-lawrence.oullette@polyu.edu.hk Education and Academic Qualifications Bachelor of Arts, York University Master of Science in Education, Niagara University", "url": "https://www.polyu.edu.hk/elc/people/academic/john-oullette/", "appendix": "English Language Centre"},
{"name": "Mr Calum PAGE", "text": "Mr Calum PAGE Academic Staff PolyU Scholars Hub Mr Calum PAGE Instructor Location AG626, Chung Sze Yuen Building Phone +852 2766 7895 mail calum.page@polyu.edu.hk Open Platform for University Scholars Biography I have worked as a teacher, teacher-trainer and professional skills trainer in the UK, the Netherlands, Italy, Spain, Burma, Sri Lanka, Colombia, and Peru. I returned to Hong Kong in 2016 to take up a teaching position at the PolyU where I have completed my Master's research looking into language and identity with Hong Kong undergraduate students. Education and Academic Qualifications Diploma in Teaching English to Speaker of Other Language, University of Cambridge Postgraduate Certificate, London South Bank University Bachelor of Arts (Honours) in English Literature, The Open University Master of Education, The Open University", "url": "https://www.polyu.edu.hk/elc/people/academic/calum-page/", "appendix": "English Language Centre"},
{"name": "Mr Daniel PUN", "text": "Mr Daniel PUN Academic Staff Mr Daniel PUN Instructor Location FG314, Kinmay W. Tang Building Phone +852 2766 7511 mail daniel.pun@polyu.edu.hk Education and Academic Qualifications Bachelor of Arts in Language Studies with Business, The Hong Kong Polytechnic University Master of Arts, University of Brighton", "url": "https://www.polyu.edu.hk/elc/people/academic/daniel-pun/", "appendix": "English Language Centre"},
{"name": "Ms Kira RIMROTT", "text": "Ms Kira RIMROTT Academic Staff Ms Kira RIMROTT Instructor Location FG301, Kinmay W. Tang Building Phone +852 3400 8336 mail kira.rimrott@polyu.edu.hk Education and Academic Qualifications Certificate in Teaching English as a Second Language, Canadian Centre for Language & Cultural Studies Diploma in Teaching English as a Second Language, Canadian Centre for Language & Cultural Studies Bachelor of Arts, University of Toronto Master of Arts in Applied Linguistics, The University of Hong Kong", "url": "https://www.polyu.edu.hk/elc/people/academic/kira-rimrott/", "appendix": "English Language Centre"},
{"name": "Mr Paul ROTHERY", "text": "Mr Paul ROTHERY Academic Staff Mr Paul ROTHERY Instructor Location AG652, Chung Sze Yuen Building Phone +852 2766 7646 mail paul-ian.rothery@polyu.edu.hk Education and Academic Qualifications Level 5 Certificate in Teaching English to Speakers of Other Languages, Trinity College London Cambridge English Level 7 Diploma in Teaching English to Speakers of Other Languages (DELTA), Cambridge University Bachelor of Arts, The Manchester Metropolitan University Master of Arts, University of Central Lancashire", "url": "https://www.polyu.edu.hk/elc/people/academic/paul-rothery/", "appendix": "English Language Centre"},
{"name": NaN, "text": "Ms Johanna SANDBERG Academic Staff Ms Johanna SANDBERG Instructor Location AG654, Chung Sze Yuen Building Phone +852 2766 7498 mail johanna.sandberg@polyu.edu.hk Education and Academic Qualifications Bachelor of Arts, Lund University Master of Arts, Lund University", "url": "https://www.polyu.edu.hk/elc/people/academic/johanna-sandberg/", "appendix": "English Language Centre"},
{"name": "Mr Christopher SHEPARD", "text": "Mr Christopher SHEPARD Academic Staff Mr Christopher SHEPARD Instructor Location FG302, Kinmay W. Tang Building Phone +852 3400 3833 mail chris.shepard@polyu.edu.hk", "url": "https://www.polyu.edu.hk/elc/people/academic/christopher-shepard/", "appendix": "English Language Centre"},
{"name": "Mr Vincent SHEUNG KWUN", "text": "Mr Vincent SHEUNG KWUN Academic Staff Mr Vincent SHEUNG KWUN Instructor Location AG638, Chung Sze Yuen Building Phone +852 2766 7654 mail vincent.ly.sheungkwun@polyu.edu.hk Biography My experience has been an English language teacher responsible for EAP, ESP, EWP and research skills at the degree and sub-degree levels. In addition to teaching, projects about e-learning, student activities and learning with new technologies that emphasise pedagogical innovation are where my interests lay. My research topics usually include integrating new technologies into language classrooms, teacher preparedness for post-modern education and teaching English through Drama.", "url": "https://www.polyu.edu.hk/elc/people/academic/vincent-sheung-kwun/", "appendix": "English Language Centre"},
{"name": "Ms Winnie SHUM", "text": "Ms Winnie SHUM Academic Staff Ms Winnie SHUM Instructor Location FG308, Kinmay W. Tang Building Phone +852 3400 8343 mail winnie.shum@polyu.edu.hk Research Interests English Language Teaching Pedagogy Intercultural Communication/Intercultural Education English as an International Language Sociolinguistics (Im) Politeness Pragmatics Discourse Analysis Conversation Analysis Language Testing E-Learning and Gamification", "url": "https://www.polyu.edu.hk/elc/people/academic/winnie-shum/", "appendix": "English Language Centre"},
{"name": "Ms Tracy SWEMMER", "text": "Ms Tracy SWEMMER Academic Staff Ms Tracy SWEMMER Instructor Location AG627, Chung Sze Yuen Building Phone +852 3400 8329 mail tracy.swemmer@polyu.edu.hk Education and Academic Qualifications Certificate in English Language Teaching to Adults, University of Cambridge Local Examinations Syndicate Diploma in English Language Teaching to Adults, Cambridge English Language Assessment Diploma for Graduates (International Development), University of London Bachelor of Arts (Sociology), University of Stellenbosch Bachelor of Arts, University of Stellenbosch Master of Arts in Applied Linguistics and TESOL, University of Leicester Master of Arts, University of Sussex Master of Arts, University of Stellenbosch", "url": "https://www.polyu.edu.hk/elc/people/academic/tracy-swemmer/", "appendix": "English Language Centre"},
{"name": "Mr Abdulwahab TAHHAN", "text": "Mr Abdulwahab TAHHAN Academic Mr Abdulwahab TAHHAN Instructor Location FG303, Kinmay W. Tang Building Phone +852 3400 8961 mail abdulwahab.tahhan@polyu.edu.hk Education and Academic Qualifications Master of Arts, University of Southampton", "url": "https://www.polyu.edu.hk/elc/people/academic/abdulwahab-tahhan/", "appendix": "English Language Centre"},
{"name": "Mr Freeman TAI", "text": "Mr Freeman TAI Academic Staff Mr Freeman TAI Instructor Location AG652, Chung Sze Yuen Building Phone +852 2766 7656 mail freeman.tai@polyu.edu.hk Education and Academic Qualifications Certificate in Teaching English to Speakers of Other Languages, Trinity College London Bachelor of Arts in English Language and Literature, Hong Kong Baptist University Master of Arts in Applied Linguistics, University College London", "url": "https://www.polyu.edu.hk/elc/people/academic/freeman-tai/", "appendix": "English Language Centre"},
{"name": "Ms Sannie TANG", "text": "Ms Sannie TANG Academic Staff Ms Sannie TANG Instructor Location FG304, Kinmay W. Tang Building Phone +852 3400 8339 mail sannie.tang@polyu.edu.hk Education and Academic Qualifications Bachelor of Arts in Teaching English as a Second Language, City University of Hong Kong Master of Arts for Teachers of English to Speakers of Other Languages, University of Washington, Seattle", "url": "https://www.polyu.edu.hk/elc/people/academic/sannie-tang/", "appendix": "English Language Centre"},
{"name": "Mr Eric TINDALL", "text": "Mr Eric TINDALL Academic Staff Mr Eric TINDALL Instructor Location FG302, Kinmay W. Tang Building Phone +852 3400 8338 mail eric.tindall@polyu.edu.hk Education and Academic Qualifications Certificate in Teaching English to Speakers of Other Languages, University of Cambridge ESOL examinations Bachelor of Arts, University of California Davis", "url": "https://www.polyu.edu.hk/elc/people/academic/eric-tindall/", "appendix": "English Language Centre"},
{"name": "Mr Phil TODD", "text": "Mr Phil TODD Academic Staff Mr Phil TODD Instructor Location AG650, Chung Sze Yuen Building Phone +852 3400 3316 mail phil.todd@polyu.edu.hk Education and Academic Qualifications Bachelor of Science, Coventry University Master of Arts, University of Exeter", "url": "https://www.polyu.edu.hk/elc/people/academic/phil-todd/", "appendix": "English Language Centre"},
{"name": "Ms Christy WONG", "text": "Ms Christy WONG Academic Staff Ms Christy WONG Instructor Location AG634, Chung Sze Yuen Building Phone +852 3400 3321 mail christy.ys.wong@polyu.edu.hk Education and Academic Qualifications Postgraduate Diploma in Education, The Hong Kong Institute of Education Bachelor of Arts in Language and Communication, The Hong Kong Polytechnic University Master of Social Sciences in Psychology, The University of Hong Kong Master of Arts in Linguistics, The University of Hong Kong", "url": "https://www.polyu.edu.hk/elc/people/academic/christy-wong/", "appendix": "English Language Centre"},
{"name": "Dr Karen WONG", "text": "Dr Karen WONG Academic Staff Dr Karen WONG Instructor Location AG625, Chung Sze Yuen Building Phone +852 2766 7516 mail karen.tn.wong@polyu.edu.hk Education and Academic Qualifications Postgraduate Certificate in Education, The University of Hong Kong Master of Social Science, The Chinese University of Hong Kong Master of Education, The Chinese University of Hong Kong Master of Arts in Clinical Psychology, Alliant International University Doctor of Psychology in Clinical Psychology, Alliant International University Professional Qualifications Certified Practitioner of Neuro Linguistic Programming Certified Cognitive Therapist", "url": "https://www.polyu.edu.hk/elc/people/academic/karen-wong/", "appendix": "English Language Centre"},
{"name": "Mr Kawai WONG", "text": "Mr Kawai WONG Academic Staff Mr Kawai WONG Instructor Location FG306, Kinmay W. Tang Building Phone +852 3400 8331 mail kawai.j.wong@polyu.edu.hk Education and Academic Qualifications Bachelor of Arts, City University of New York Master of Arts, Columbia University", "url": "https://www.polyu.edu.hk/elc/people/academic/kawai-wong/", "appendix": "English Language Centre"},
{"name": "Ms Pinna WONG", "text": "Ms Pinna WONG Academic Staff Ms Pinna WONG Instructor Location AG649, Chung Sze Yuen Building Phone +852 2766 7893 mail pinna.wong@polyu.edu.hk", "url": "https://www.polyu.edu.hk/elc/people/academic/pinna-wong/", "appendix": "English Language Centre"},
{"name": "Ms Bonnie WU", "text": "Ms Bonnie WU Academic Staff Ms Bonnie WU Instructor Location AG639, Chung Sze Yuen Building Phone +852 2766 4934 mail bonnie.wu@polyu.edu.hk Education and Academic Qualifications Professional Diploma in Teaching English as a Second Language, The Chinese University of Hong Kong (School of Continuing and Professional Studies) Bachelor of Business Administration, Simon Fraser University Master of Education, The University of Hong Kong", "url": "https://www.polyu.edu.hk/elc/people/academic/bonnie-wu/", "appendix": "English Language Centre"},
{"name": "Dr Marshall YIN", "text": "Dr Marshall YIN Academic Staff Dr Marshall YIN Instructor Location AG623, Chung Sze Yuen Building Phone +852 2766 5627 mail marshall.yin@polyu.edu.hk ORCID ID Biography Taught all grades from Kindergarten to Post-graduate levels.  Specialisation in intercultural communication and dyslexia. Practitioner of empathy, social awareness, and gender equality. Education and Academic Qualifications Mediation Practice, The University of Hong Kong (School of Professional and Continuing Education) Grade 4 Violin Performance, The Associated Board of the Royal Schools of Music (ABRSM) Certificate in Teaching English to Speakers of Other Languages, Trinity College London Postgraduate Certificate, Sheffield Hallam University Bachelor of Arts, University of Kansas Master of Arts in English Language Teaching, The Hong Kong Polytechnic University Doctor of Education, Durham University Professional Qualifications The Academy of Orton-Gillingham Practitioners and Educators -Associate Level Teacher Certification Coach Certificate of Registration as a Teacher ABRSM Music Theory 3 Merit", "url": "https://www.polyu.edu.hk/elc/people/academic/marshall-yin/", "appendix": "English Language Centre"},
{"name": "Dr Issa YING", "text": "Dr Issa YING Academic Staff Dr Issa YING Instructor Location FG307, Kinmay W. Tang Building Phone +852 3400 8334 mail issa.ying@polyu.edu.hk Education and Academic Qualifications Bachelor of Arts, Zhejiang Normal University Master of Arts, University of Central Lancashire Doctor of Philosophy, The University of Hong Kong", "url": "https://www.polyu.edu.hk/elc/people/academic/issa-ying/", "appendix": "English Language Centre"},
{"name": "Dr Bruce MORRISON", "text": "Dr Bruce MORRISON Academic Dr Bruce MORRISON Visiting Lecturer (Part-time) Location A611, Chung Sze Yuen Building Phone +852 2766 7542 mail bruce.morrison@polyu.edu.hk", "url": "https://www.polyu.edu.hk/elc/people/academic/bruce-morrison/", "appendix": "English Language Centre"},
{"name": "Mr John JONES", "text": "Mr John JONES Academic Staff Mr John JONES Visiting Lecturer (Part-time) Location A605, Chung Sze Yuen Building Phone +852 3400 8348 mail john.karl.jones@connect.polyu.hk", "url": "https://www.polyu.edu.hk/elc/people/academic/john-jones/", "appendix": "English Language Centre"},
{"name": "Ms Linda KWOK", "text": "Ms Linda KWOK Academic Staff Ms Linda KWOK Visiting Lecturer (Part-time) Location AG648, Chung Sze Yuen Building Phone +852 2766 7975 mail linda.kwok@connect.polyu.hk", "url": "https://www.polyu.edu.hk/elc/people/academic/linda-kwok/", "appendix": "English Language Centre"},
{"name": "Dr Alan URMSTON", "text": "Dr Alan URMSTON Academic Staff Dr Alan URMSTON Visiting Lecturer (Part-time) Location FG320, Kinmay W. Tang Building Phone +852 2766 7554 mail alan.urmston@polyu.edu.hk", "url": "https://www.polyu.edu.hk/elc/people/academic/alan-urmston/", "appendix": "English Language Centre"},
{"name": "Dr Oscareale YEUNG", "text": "Dr Oscareale YEUNG Academic Staff Dr Oscareale YEUNG Visiting Lecturer (Part-time) Location FG318, Kinmay W. Tang Building Phone +852 3400 8342 mail dr-oscareale.yeung@polyu.edu.hk", "url": "https://www.polyu.edu.hk/elc/people/academic/oscareale-yeung/", "appendix": "English Language Centre"}
]
