[
    {
        "name":"Prof. YIP Shea-ping",
        "text":"Diploma in Medical Laboratory Science, Hong Kong Polytechnic Higher Certificate in Medical Laboratory Technology, University of Hong Kong (Department of Extra-Mural Studies ) Master of Philosophy, Hong Kong Polytechnic Doctor of Philosophy, University of London Fellow of the Royal Society of Biology Registered medical laboratory Technologist ( Part I )",
        "url" :"https://www.polyu.edu.hk/hti/people/academic-staff/prof-yip-shea-ping/",
        "appendix":"HTI"
    },
    {
        "name":"Prof. YING Tin Cheung, Michael",
        "text":"Professional Diploma in Diagnostic Radiography, Hong Kong Polytechnic Master of Philosophy, The Hong Kong Polytechnic University Doctor of Philosophy, The Hong Kong Polytechnic University Fellow of the Hong Kong College of Radiographers and Radiation Therapists",
        "url" :"https://www.polyu.edu.hk/hti/people/academic-staff/prof-ying-michael-tc/",
        "appendix":"HTI"
    },
    {
        "name":"Prof. LEUNG Hang Mei, Polly",
        "text":"Bachelor of Science, The University of New South Wales Master of Philosophy, The University of Hong Kong Doctor of Philosophy, The University of Hong Kong Registered Medical Laboratory Technologist (Part I)",
        "url" :"https://www.polyu.edu.hk/hti/people/academic-staff/dr-leung-polly-hm/",
        "appendix":"HTI"
    },
    {
        "name":"Prof. ZHANG Weixiong",
        "text":"Doctor of Philosophy, University of California, Los Angeles Master of Science of Computer Science, University of California, Los Angeles Bachelor of Engineering, Tsinghua University",
        "url" :"https://www.polyu.edu.hk/hti/people/academic-staff/prof-zhang-weixiong/",
        "appendix":"HTI"
    },
    {
        "name":"Prof. CAI Jing",
        "text":"Bachelor of Science, Lanzhou University Master of Science, University of Georgia Doctor of Philosophy, University of Virginia Certificate in Therapeutic Radiologic Physics",
        "url" :"https://www.polyu.edu.hk/hti/people/academic-staff/prof-cai-jing/",
        "appendix":"HTI"
    },
    {
        "name":"Prof. SIU Kit Hang, Gilman",
        "text":"Bachelor of Science in Biomedical Science, The Hong Kong Polytechnic University Doctor of Philosophy, The University of Hong KongRegistered Medical Laboratory Technologist (Part I) Member of Society of Biology International Technologist in Molecular Biology",
        "url" :"https://www.polyu.edu.hk/hti/people/academic-staff/dr-siu-gilman-kh/",
        "appendix":"HTI"
    },
    {
        "name":"Prof. ZOU Xiang",
        "text":"PhD (Uppsala University) MMed (Chinese Academy of Preventive Medicine) BSc (Nankai University)",
        "url" :"https://www.polyu.edu.hk/hti/people/academic-staff/dr-zou-xiang/",
        "appendix":"HTI"
    },
    {
        "name":"Dr CHAN Wing Chi, Lawrence",
        "text":"Bachelor of Engineering, The University of Hong Kong Doctor of Philosophy, The University of Hong Kong",
        "url" :"https://www.polyu.edu.hk/hti/people/academic-staff/dr-chan-lawrence-wc/",
        "appendix":"HTI"
    },
    {
        "name":"Dr CHENG King Yip, Kenneth",
        "text":"Bachelor of Science in Biochemistry, Hong Kong University of Science and Technology Doctor of Philosophy, The University of Hong Kong",
        "url" :"https://www.polyu.edu.hk/hti/people/academic-staff/dr-cheng-kenneth-ky/",
        "appendix":"HTI"
    },
    {
        "name":"Dr HUANG Chien-ling",
        "text":"Bachelor of Science, Chang Gung University Master of Science, Chang Gung University Doctor of Science, Chang Gung UniversityLicense of Medical Examiner",
        "url" :"https://www.polyu.edu.hk/hti/people/academic-staff/dr-huang-chien-ling/",
        "appendix":"HTI"
    },
    {
        "name":"Dr LAW Ka Wai, Helen",
        "text":"Professional Diploma in Diagnostic Radiography, Hong Kong Polytechnic Postgraduate Certificate in Advanced Educational Studies, University of Hong Kong Bachelor of Science, The University of British Columbia Master of Science in Information Technology in Education, University of Hong Kong Doctor of Philosophy, University of Melbourne Registered Radiographer (Part I)",
        "url" :"https://www.polyu.edu.hk/hti/people/academic-staff/dr-law-helen-kw/",
        "appendix":"HTI"
    },
    {
        "name":"Dr LEE Wee Yee, Shara",
        "text":"Bachelor of Science in Radiography, The Hong Kong Polytechnic University Master of Science, The Chinese University of Hong Kong Doctor of Philosophy, The Chinese University of Hong Kong",
        "url" :"https://www.polyu.edu.hk/hti/people/academic-staff/dr-lee-shara-wy/",
        "appendix":"HTI"
    },
    {
        "name":"Dr LIN Liang-ting",
        "text":"Bachelor of Science, National Yang-Ming University vDoctor of Philosophy, National Yang-Ming University",
        "url" :"https://www.polyu.edu.hk/hti/people/academic-staff/dr-lin-liang-ting/",
        "appendix":"HTI"
    },
    {
        "name":"Dr MA Chun Hang, Alvin",
        "text":"Doctor of Philosophy, The University of Hong Kong",
        "url" :"https://www.polyu.edu.hk/hti/people/academic-staff/dr-ma-alvin-ch/",
        "appendix":"HTI"
    },
    {
        "name":"Dr WONG Chi Ming",
        "text":"Bachelor of Science in Biochemistry, Hong Kong University of Science and Technology Master of Science in Biotechnology, Hong Kong University of Science and Technology Doctor of Philosophy, The University of Hong Kong",
        "url" :"https://www.polyu.edu.hk/hti/people/academic-staff/dr-wong-chi-ming/",
        "appendix":"HTI"
    },
    {
        "name":"Dr YOO Jung Sun",
        "text":"Bachelor of Science, Seoul National University Doctor of Philosophy, Seoul National University Seoul Science Fellowship Member for the Korean Physical Society Member for World Molecular Imaging Society",
        "url" :"https://www.polyu.edu.hk/hti/people/academic-staff/dr-yoo-jung-sun/",
        "appendix":"HTI"
    },
    {
        "name":"Dr CHEN Xiangyan, Fiona",
        "text":"Laboratory experiments to investigate the genetic and pathological characterization of cerebral artery disease Clinical studies to validate the applications of brain CT, MRI and transcranial Doppler ultrasonography Community-based studies to screen the risk of cerebral artery disease among stroke-free population",
        "url" :"https://www.polyu.edu.hk/hti/people/academic-staff/dr-chen-xiangyan-fiona/",
        "appendix":"HTI"
    },
    {
        "name":"Dr JIN Ling, Nathanael",
        "text":"Dr. Jin has been working actively in the inter-disciplinary research fields between environmental chemistry, toxicology, and microbiology. His ongoing research includes air pollution and human health, airborne and foodborne transmission of antimicrobial resistance and pathogens, and pollution-induced immunosuppression in marine megafauna. His development of novel passive sampling and bioanalytical tools to assess combined effects of chemical mixtures in dugongs and marine turtles won him Society of Environmental Toxicology and Chemistry/Procter & Gamble Global Doctoral Fellowship for Environmental Research in 2014. His recent work on mixture toxicity assessment of airborne fine particulate matter attracted the attention from Nature, where he contributed an invited comment on global disparities of air-pollution health effects. His study on airborne transmission of antibiotic resistance genes was recognized as one of the best papers in Environmental Science and Technology Letters in 2018. Jin was an Editorial Board Member of Environmental Toxicology and Chemistry. He is currently an Editorial Board Member of ACS Environmental Au and The Innovation. He also serves as a Guest Editor for Environmental Science and Technology for the special issue on urban air pollution and human health.",
        "url" :"https://www.polyu.edu.hk/hti/people/academic-staff/dr-jin-ling/",
        "appendix":"HTI"
    },
    {
        "name":"Dr TSE Kai Hei, Franki",
        "text":"Bachelor of Science, The Hong Kong Polytechnic University Master of Research, The University of Manchester Licentiate of Medicine, Umea University Doctor of Philosophy, The Chinese University of Hong Kong",
        "url" :"https://www.polyu.edu.hk/hti/people/academic-staff/dr-tse-franki-kh/",
        "appendix":"HTI"
    },
    {
        "name":"Dr CAI Yin, David",
        "text":"PhD (HKU) MSc (China Pharmaceutical University) BSc (China Pharmaceutical University)",
        "url" :"https://www.polyu.edu.hk/hti/people/academic-staff/dr-cai-david-yin/",
        "appendix":"HTI"
    },
    {
        "name":"Dr Chileka CHIYANIKA",
        "text":"Obesity and metabolic diseases, adipose tissue including brown/beige adipose tissue, visceral adipose tissue, subcutaneous adipose tissue, Non-alcoholic fatty liver disease and Non-alcoholic fatty pancreas disease using MRI, MR spectroscopy and ultrasound Deep Learning and Machine Learning in Medical Imaging",
        "url" :"https://www.polyu.edu.hk/hti/people/academic-staff/dr-chileka-chiyanika/",
        "appendix":"HTI"
    },
    {
        "name":"Dr CHOW Wang Ngai, Franklin",
        "text":"PhD (Microbiology), The University of Hong Kon MPhil (Reproductive Medicine), The University of Hong Kong BSc (Hons) in Biochemistry, The University of Hong Kong",
        "url" :"https://www.polyu.edu.hk/hti/people/academic-staff/dr-chow-franklin-wn/",
        "appendix":"HTI"
    },
    {
        "name":"Dr LI Hoi Yee, Gloria",
        "text":"PhD (HKU) MPhil (HKU) BSc (HKU)",
        "url" :"https://www.polyu.edu.hk/hti/people/academic-staff/dr-li-hoi-yee/",
        "appendix":"HTI"
    },
    {
        "name":"Dr AI Qi-yong, Hemis",
        "text":"",
        "url" :"https://www.polyu.edu.hk/hti/people/academic-staff/dr-ai-hemis-qi-yong/",
        "appendix":"HTI"
    },
    {
        "name":"Dr LI Tian",
        "text":"PhD (PolyU) MSc in Medical Physics (Duke University) BSc in Chemical Biology (Peking University)",
        "url" :"https://www.polyu.edu.hk/hti/people/academic-staff/dr-li-tian/",
        "appendix":"HTI"    
    },
    {
        "name":"Dr REN Ge, Gary",
        "text":"",
        "url" :"https://www.polyu.edu.hk/hti/people/academic-staff/dr-ren-gary/",
        "appendix":"HTI"
    },
    {
        "name":"Dr WU Ka Lok, Kelvin",
        "text":"PhD (PolyU) MPhil (HKU) BSc (PolyU)",
        "url" :"https://www.polyu.edu.hk/hti/people/academic-staff/dr-wu-kelvin-kl/",
        "appendix":"HTI"
    },
    {
        "name":"Dr XIONG Qing",
        "text":"Doctor of Philosophy in Biomedical Sciences, The Chinese University of Hong Kong, Hong Kong Master in Pathogenic Microbiology, Peking University, Beijing Bachelor of Science, Sun Yat-Sen University, Guangzhou",
        "url" :"https://www.polyu.edu.hk/hti/people/academic-staff/dr-xiong-qing/",
        "appendix":"HTI"
    },
    {
        "name":"Dr YEUNG Ho Yin, Martin",
        "text":"Doctor of Philosophy, The Hong Kong Polytechnic University Master of Science in Biochemical and Biomedical Sciences, The Chinese University of Hong KonBachelor of Science in Biomedical Science, University of Keele, United Kingdom (IBMS accredited degree)",
        "url" :"https://www.polyu.edu.hk/hti/people/academic-staff/dr-yeung-martin-hy/",
        "appendix":"HTI"
    },
    {
        "name":"Mr WONG Ting Hei, Edward",
        "text":"",
        "url" :"https://www.polyu.edu.hk/hti/people/academic-staff/mr-edward-wong-th/",
        "appendix":"HTI"
    },
    {
        "name":"Ms CHEUNG Sze Man, Gisele",
        "text":"MSc (University of Sydney) PgD (PolyU) Red Dot Radiographer (Prince of Wale Hospital) BSc (PolyU)",
        "url" :"https://www.polyu.edu.hk/hti/people/academic-staff/ms-cheung-gisele-sm/",
        "appendix":"HTI"
    },
    {
        "name":"Ms LEE Oi Chun, Jan",
        "text":"PgDip (CUHK) BSc (PolyU) Registered (Part I ) MLT (HK) Higher Dip (PolyU)",
        "url" :"https://www.polyu.edu.hk/hti/people/academic-staff/ms-lee-jan-oc/",
        "appendix":"HTI"
    },
    {
        "name":"Ms LEE Wai Man, Michelle",
        "text":"MSc (University of Sydney) BSc (PolyU)",
        "url" :"https://www.polyu.edu.hk/hti/people/academic-staff/ms-lee-michelle-wm/",
        "appendix":"HTI"
    },
    {
        "name":"Dr LEUNG Wan Shun, Vincent",
        "text":"Bachelor of Science in Radiography, The Hong Kong Polytechnic University Doctor of Philosophy, The Hong Kong Polytechnic University",
        "url" :"https://www.polyu.edu.hk/hti/people/academic-staff/mr-leung-vincent-ws/",
        "appendix":"HTI"
    },
    {
        "name":"Ms LUO Yu, Lesliee",
        "text":"",
        "url" :"https://www.polyu.edu.hk/hti/people/academic-staff/ms-luo-lesliee-y/",
        "appendix":"HTI"
    },
    {
        "name":"Mr POH Kwun Yin, Dave",
        "text":"Master of science in health service management (HKPU) Master of science in medical imaging (HKPU) Professional diploma in diagnostic radiography (HKPU)",
        "url" :"https://www.polyu.edu.hk/hti/people/academic-staff/mr-poh-dave-ky/",
        "appendix":"HTI"
    },
    {
        "name":"Mr WONG Wui Wing, Harry",
        "text":"MSc (PolyU) MRes (Genetics), University of Leicester BSc (University of Leicester) Registered (Part I) MLT (HK)",
        "url" :"https://www.polyu.edu.hk/hti/people/academic-staff/mr-wong-harry-ww/",
        "appendix":"HTI"
    },
    {
        "name":"Ms WU Lai Han, Daphne",
        "text":"",
        "url" :"https://www.polyu.edu.hk/hti/people/academic-staff/ms-wu-daphne-lh/",
        "appendix":"HTI"
    },
    {
        "name":"Dr LEUNG Kim Hung, George",
        "text":"",
        "url" :"https://www.polyu.edu.hk/hti/people/academic-staff/dr-leung-george-kh/",
        "appendix":"HTI"
    },
    {
        "name":"Ms SO Kit Ming, Moon",
        "text":"MA (HKBU) BA (CUHK) BSc (PolyU)",
        "url" :"https://www.polyu.edu.hk/hti/people/academic-staff/ms-so-moon-km/",
        "appendix":"HTI"
    }
]