[{"name": "Professor Erin Cho", "text": "Academic Staff Professor Erin Cho Dean and Professor Location QT729 Phone +852 2766 6488 mail erin.cho@polyu.edu.hk Open Platform for University Scholars Biography Erin Cho is the Inaugural Executive Dean and Professor of the School of Fashion and Textiles at Hong Kong Polytechnic University. SFT had existed under its engineering school for over 65 years. As of Fall 2022, the university spun it out and established it as an independent school to exploit the growing demands and new opportunities in fashion. She expressed: “Fashion is now ever-expanding and at a critical juncture reimagining its domain boundaries with rapidly developing technology, material sciences, sustainability, and missions for humanity. I am honored and humbled by the opportunity to work with the world's renowned faculty with amazing research and entrepreneurial projects. I will endeavour to further its strong standing in technology and science, while bolstering the curricula and research capacities in design and business to prepare students to build and lead a more comprehensive and holistic ecosystem of society.” Dean Cho received her BA and MA degrees from Seoul National University in Korea. She finished her Ph.D. degree at the University of Wisconsin-Madison in the United States. She has over 25 years of experience in academia across different institutions. In particular, Dean Cho possesses extensive management experience. Before joining PolyU, she was a tenured full professor of design strategies at the Parsons School of Design (Parsons) at The New School, New York, where she progressed steadily into a leadership position over the past years. She was appointed Faculty Director of Parsons Executive Education and Partnerships in 2013, moved up to Executive Director of Executive Education in 2017, and assumed her role as Dean of the School for Undergraduate Studies at The New School in 2020. She was the first Asian Dean in over 100 years of the university’s history. She is also a highly regarded scholar whose research is situated in the intersections between design, management, and technology in the areas of fashion, branding, e-commerce platform and digital innovation, design strategies, and entrepreneurship. She has built a prolific research profile alongside an extensive record of corporate consulting and engagement. Many noted academic and industry associations had invited Professor Cho to deliver keynote addresses including Adobe Max, the Digital Leaders’ Forum, Tsinghua University Executive Education Alumni Conference, Fashion Executive Talks in Seoul, the Sensory and Neuromarketing Conference, the Design and Management Society, etc. Professor Cho's work has been widely adopted by companies in organizing innovation teams and projects, and she has given numerous executive seminars and training to numerous global corporations. She served as an advisor for notable incubators and venture funding boards, such as National Retail Federation, XRC lab, Impact Entrepreneurship, E-lab, Emotional Engineering Lab, etc. Dean Cho says -- “With digital platforms, AI, and other communication technologies, the world is becoming ever more connected and expansive, and Asia is leading the way. HK is one of the global capitals of creativity, technology, and commerce. The art, media, and entertainment industries are enormous. Shenzhen, Seoul, Tokyo, and other high-tech capitals with great entrepreneurial activities are nearby. I look forward to pursuing synergies and possibilities the city’s setup could offer in the effort to further sustainable, inclusive, just, and human-centered education to breed and nurture the next generation of global leaders.” Feel free to connect with Dean Cho via Linkedin .", "url": "https://www.polyu.edu.hk/sft/people/academic-staff/prof-erin-cho/", "appendix": "Academic Staff in School of Fashion and Textiles"},
{"name": "Chi Wai Kan", "text": "Personal profile Expertise related to UN Sustainable Development Goals In 2015, UN member states agreed to 17 global Sustainable Development Goals (SDGs) to end poverty, protect the planet and ensure prosperity for all. This person’s work contributes towards the following SDG(s): Education/Academic qualification Bachelor of Science, Hong Kong Polytechnic Master of Christian Education, Research Institute for Christian Education Master of Science, Sheffield Hallam University Doctor of Philosophy, The Hong Kong Polytechnic University", "url": "https://research.polyu.edu.hk/en/persons/chi-wai-kan", "appendix": "Academic Staff in School of Fashion and Textiles"},
{"name": "Sau Chuen Joe Au", "text": "Personal profile Expertise related to UN Sustainable Development Goals In 2015, UN member states agreed to 17 global Sustainable Development Goals (SDGs) to end poverty, protect the planet and ensure prosperity for all. This person’s work contributes towards the following SDG(s): Education/Academic qualification Associate in Applied Science, Fashion Institute of Technology Doctor of Philosophy, The Hong Kong Polytechnic University Master of Design, The University of New South Wales", "url": "https://research.polyu.edu.hk/en/persons/sau-chuen-joe-au", "appendix": "Academic Staff in School of Fashion and Textiles"},
{"name": "Yiu Wan Yip", "text": "Personal profile Biography Dr. Yip, Joanne graduated with a BSc (Hons) in Textile Technology (with first class Honors) from the Hong Kong Polytechnic University (PolyU) and obtained her PhD at the same university. Her PhD study is Low Temperature Plasma and Excimer Laser Treatments on Polyamide. Prior to joining the university, Joanne had worked in Rice University in the US as a visiting researcher to conduct instrumental experiments. She has published more than 100 referee and conference papers in Textile and Material Science Journals. She had also worked in the intimate apparel Industry and therefore particular familiarizes material knowledge, quality requirements and production techniques used in the market. Currently, Dr. Yip is Associate Professor teaching intimate apparel and activewear courses in PolyU and her research interests include functional garments for scoliosis, new materials and technology, surface treatments on textiles, moulding or seamless techniques used in Intimate Apparel and Activewear. Expertise related to UN Sustainable Development Goals In 2015, UN member states agreed to 17 global Sustainable Development Goals (SDGs) to end poverty, protect the planet and ensure prosperity for all. This person’s work contributes towards the following SDG(s): Education/Academic qualification Bachelor of Science in Textile Technology, The Hong Kong Polytechnic University Doctor of Philosophy, The Hong Kong Polytechnic University", "url": "https://research.polyu.edu.hk/en/persons/yiu-wan-yip", "appendix": "Academic Staff in School of Fashion and Textiles"},
{"name": "Wing Sun Liu", "text": "Personal profile Expertise related to UN Sustainable Development Goals In 2015, UN member states agreed to 17 global Sustainable Development Goals (SDGs) to end poverty, protect the planet and ensure prosperity for all. This person’s work contributes towards the following SDG(s): Education/Academic qualification Professional Diploma in Fashion and Clothing Technology, Hong Kong Polytechnic Master of Science in Textile Marketing, Philadelphia College of Textiles and Science Doctor of Philosophy, University of Exeter", "url": "https://research.polyu.edu.hk/en/persons/wing-sun-liu", "appendix": "Academic Staff in School of Fashion and Textiles"},
{"name": "Jintu Fan", "text": "Personal profile Biography Professor Jintu Fan is currently Lee family Professor in Textiles Technology and Chair Professor of Fiber Science and Apparel Engineering at School of Fashion and textiles, Hong Kong Polytechnic University (PolyU). Professor Fan is a Former Head of Institute of Textiles and Clothing at PolyU and Former Department Chair and Vincent VC Woo Professor in Fiber Science and Apparel Design at Cornell University. He first  joined PolyU in 1996 as Assistant Professor, was promoted to Associate Professor in 2001 and then to Professor in 2005. He left PolyU in 2012 and joined the Department of Fiber Science and Apparel Design at the College of Human Ecology in Cornell University, USA as Department Chair and Vincent V. C. Woo Professor in Fiber Science and Apparel Design. During his tenure with Cornell University, he orchestrated the establishment of the Cornell Institute of Fashion & Fiber Innovation and is the founding Director of the institute. Prof. Fan returned to PolyU to become Head of Institute of Textiles and Clothing (ITC) in 2018 and remained at this position until ITC was upgraded to School of Fashion and Textiles in 2022. Professor Fan is internationally renowned in the field of fashion and textiles. His research focuses on improving understanding of the interactions among the human body, clothing and environment, and on that basis, developing fibrous materials and fashionable clothing with enhanced functional performance. His work is multi-disciplinary and involves instrumentation, computational modeling, biomimetics, nanotechnology as well as psychology. He has won numerous competitive research grants and authored/co-authored about 300 SCI/EI refereed journal papers, many of which have appeared in leading journals of relevant fields, including Science Advances, Proceedings of National Academy of Sciences (PNAS), Proceedings of the Royal Society of London B: Biological Sciences, Advanced Materials, Advanced Functional Materials, Nano Letters, Soft Matter, Langmuir, International Journal of Heat and Mass Transfer, and Textile Research Journal. In recognition of his outstanding contributions, Professor Fan has been honoured with a number of prestigious awards, including: Warner Memorial Medal from The Textile Institute, 2016. Morgan Sesquicentennial Fellow from Cornell University. Honorary Fellow of The Textile Institute, 2010 (the highest honour within the institute for creativity and advancement of knowledge). Gold Medal Award - 32nd International Exhibition of Inventions of Geneva, 2004. Distinguished Achievement Award from the US-based international Fiber Society, 2003. Professor Fan has a prominent international standing in the field of fashion and textiles. He served as President of the US based international Fiber Society in 2018, Director of the Shanghai International Fashion Innovation Center from 2016 to 2019 and Chairman of Hong Kong Institution of Textiles and Apparel (HKITA) from 2019-2022. Expertise related to UN Sustainable Development Goals In 2015, UN member states agreed to 17 global Sustainable Development Goals (SDGs) to end poverty, protect the planet and ensure prosperity for all. This person’s work contributes towards the following SDG(s): Education/Academic qualification Bachelor of Engineering, East China Institute of Textile Science and Technology Doctor of Philosophy, The University of Leeds", "url": "https://research.polyu.edu.hk/en/persons/jintu-fan", "appendix": "Academic Staff in School of Fashion and Textiles"},
{"name": "Xiaoming Tao", "text": "Personal profile Biography www.polyu.edu.hk/itc/itcproftao Expertise related to UN Sustainable Development Goals In 2015, UN member states agreed to 17 global Sustainable Development Goals (SDGs) to end poverty, protect the planet and ensure prosperity for all. This person’s work contributes towards the following SDG(s): Education/Academic qualification Bachelor of Engineering, East China Institute of Textile Science and Technology Doctor of Philosophy, The University of New South Wales External positions World President, Textile Institute 2007 → 2010 Director of Board, The Hong Kong Research Institute of Textiles and Apparel 2006 → … Keywords TJ Mechanical engineering and machinery advanced textile materials wearable technology smart materials and structures composites biopolymers", "url": "https://research.polyu.edu.hk/en/persons/xiaoming-tao", "appendix": "Academic Staff in School of Fashion and Textiles"},
{"name": "Xungai Wang", "text": "Personal profile Education/Academic qualification Doctor of Philosophy, The University of New South Wales Doctor of Philosophy, The University of New South Wales", "url": "https://research.polyu.edu.hk/en/persons/xungai-wang", "appendix": "Academic Staff in School of Fashion and Textiles"},
{"name": "John Haozhong Xin", "text": "Personal profile Expertise related to UN Sustainable Development Goals In 2015, UN member states agreed to 17 global Sustainable Development Goals (SDGs) to end poverty, protect the planet and ensure prosperity for all. This person’s work contributes towards the following SDG(s): Education/Academic qualification Bachelor of Science, China Textile University Doctor of Philosophy, The University of Leeds", "url": "https://research.polyu.edu.hk/en/persons/john-haozhong-xin", "appendix": "Academic Staff in School of Fashion and Textiles"},
{"name": "Bin Fei", "text": "Personal profile Biography Dr. Bin FEI obtained BSc (1996) from the University of Science & Technology of China and PhD (2003) from the Changchun Institute of Applied Chemistry, Chinese Academy of Sciences. After postdoctoral researches, he joined ITC of PolyU in 2010, and became Associate Professor in 2016. His current research interests fall in functional fashion and smart yarn, regenerative biomaterial and green nanotechnology, biomimic catalysis and sustainable energy. (PhD and Postdoctoral positions are available) His teaching subjects involve 'Sustainability in Fashion & Textiles' and 'Quality Evaluation of Fashion & Textiles' for undergraduate students, 'Research Methodology' and 'Biomimicry in Fashion' for Master and PhD students. (All discussions on learning & teaching issues are welcome at office ST740) Expertise related to UN Sustainable Development Goals In 2015, UN member states agreed to 17 global Sustainable Development Goals (SDGs) to end poverty, protect the planet and ensure prosperity for all. This person’s work contributes towards the following SDG(s):", "url": "https://research.polyu.edu.hk/en/persons/bin-fei", "appendix": "Academic Staff in School of Fashion and Textiles"},
{"name": "Hong Hu", "text": "Personal profile Biography Prof. HU Hong obtained his Bachelor’s degree in Knitting Engineering from East China Textile Institute of Science and Technology (Current Donghua University) in Shanghai in 1982, and PhD degree in Textile Engineering and Fibrous Science from National High Textile School of University of Haute Alsace in France in 1987. He was a Visiting Scholar at University of Haute Alsace from 1991 to 1992, a Visiting Professor at University of Minho in Portugal from 1992 to 2002, and a Professor specially appointed by Donghua University from 2003 to 2007. He jointed The Hong Kong Polytechnic University in June 2008 and is currently a Professor of this University. For many years, Professor HU has been teaching and researching in knitting technology, textile composites, 3D textile structures and mechanics. He is internationally recognized for his leading research work on 3D textile structures for composite reinforcement and auxetic textile materials for technical applications. Professor HU has published more than 200 scientific and technical papers in refereed journals, international conferences proceedings and technical magazines. Research interests Fiber Based Materials with Negative Poisson’s Ratio (Auxetic Textiles), 3D   Advanced Textile Structures and Composites for Functional Garments and Technical Applications Including Impact Protection, Vibration Isolation, Wound Dressing and Sound Absorption, Modeling and Simulation of Textile Structures and Composites, Textile-based Energy Generation and Storage Devices. Teaching (a) Subjects Taught Year Subject title Level 2019-present Foundations of Textiles I BA 2012-present Fabric Technology I BA 2017-present Guided Study in Textiles & Clothing RS 2012-present Fabric Technology II BA 2011-2014 Textile Studies II BA 2013-2015 Knitwear Technology BA 2011-2013 Textile Studies I BA 2011-2012 Textile Product Development BA (b) Supervision of Research Postgraduate Students. Completed: 14 PhD as Chief Supervisor, 26 MPhil as Chief Supervisor Ongoing:  4 PhD as Chief Supervisor Expertise related to UN Sustainable Development Goals In 2015, UN member states agreed to 17 global Sustainable Development Goals (SDGs) to end poverty, protect the planet and ensure prosperity for all. This person’s work contributes towards the following SDG(s): Education/Academic qualification Bachelor of Engineering, East China Textile Institute of Science and Technology Doctor of Philosophy, University of Haute Alsace", "url": "https://research.polyu.edu.hk/en/persons/hong-hu", "appendix": "Academic Staff in School of Fashion and Textiles"},
{"name": "Shou-xiang Kinor Jiang", "text": "Personal profile Expertise related to UN Sustainable Development Goals In 2015, UN member states agreed to 17 global Sustainable Development Goals (SDGs) to end poverty, protect the planet and ensure prosperity for all. This person’s work contributes towards the following SDG(s): Education/Academic qualification Bachelor of Art for Textile Design, The Centre Academy of Art and Design, Beijing Master of Arts in Fashion and Textile Design, The Hong Kong Polytechnic University Doctor of Philosophy, The Hong Kong Polytechnic University", "url": "https://research.polyu.edu.hk/en/persons/shou-xiang-kinor-jiang", "appendix": "Academic Staff in School of Fashion and Textiles"},
{"name": "Li Li", "text": "Personal profile Biography Prof. Li Li, Lilly is a Professor in the School of Fashion and Textiles of The Hong Kong Polytechnic University, Board of Director of The Hong Kong Research Institute of Textiles and Apparel Limited, Director in PolyU Technology and Consultancy Co. Limited, Associate Director of PolyU Academy for Interdisciplinary Research, Director of CR-PolyU Joint Research Institute for Carbon Neutral New Materials and the Fellow of Royal Society of Arts. In addition to her academic qualifications, she has acquired many years of practical experience as a senior designer and eventually as the design director of a company before coming to PolyU. Her research is characterized by a creative economy, design thinking, and interdisciplinary design methods, which she applied to a variety of issues including the implementation of smart functional textile technologies and advanced manufacturing processes. As demonstrated in her work, Lilly has been able to utilize design not just for product conception, but to develop its potential as an interdisciplinary tool that provides constructive solutions and innovations across the entire value chain, whether meeting particular market needs or solving technological defects. Her method of interdisciplinary design generates technological innovation via the synergistic interaction of knowledge from various disciplines, which not only accelerates the development of the creative sector, but also integrates different innovative research methods in a new direction towards viable solutions. Both academia and the textile industry have acknowledged Lilly’s research work for its positive impact on the textile industry and the greater creative economy. She has successfully secured 72 projects worth a total amount of over HK$ 97 million (around US$ 12.4 million), published over 100 research articles in world-leading and top-tier textile journals, and held 25 patents. With her achievement, she has won 38 prestigious international awards, including the Golden Award of the 46th and 47th International Exhibition of Inventions of Geneva for two consecutive years. She has also been awarded the 2022 & 2021 Faculty Outstanding Technology Transfer Award – Industry (Individual – Technology Transfer Activities), and the Faulty Awards for Outstanding Achievement (Individual - Research and Scholarly Activities) 2021 for recognizing her remarkable research achievements. Her academic research outcomes have also been successfully trademarked and licensed to the industry for commercial use. She has developed technologies and products that have expanded into mass production or various commercial purposes with a total knowledge transfer value of over HK$350 million. Her research has been adopted across a spectrum of arenas, including the fashion retail and textile industry, agriculture, healthcare, electronics, lifestyle as well as archaeology. Notably, her work has been employed by the Committee for the 2022 Beijing Winter Olympics. Lilly also has a distinguished and longstanding record of service to the university, academic community, and society. She serves as a specialist member of the Hong Kong Council for Accreditation of Academic and Vocational Qualifications (HKCAAVQ); as well as Design Admission Panel Members and Mentor (DAP) for the Hong Kong Design Centre’s Design Incubation Programme (DIP) under the SAR Government’s CreateSmart Initiative (CSI). Expertise related to UN Sustainable Development Goals In 2015, UN member states agreed to 17 global Sustainable Development Goals (SDGs) to end poverty, protect the planet and ensure prosperity for all. This person’s work contributes towards the following SDG(s): Education/Academic qualification Master of Arts in Fashion and Textile Design, The Hong Kong Polytechnic University Doctor of Philosophy, The Hong Kong Polytechnic University External positions Board of Director, The Hong Kong Research Institute of Textiles and Apparel 9 Sept 2022 → …", "url": "https://research.polyu.edu.hk/en/persons/li-li", "appendix": "Academic Staff in School of Fashion and Textiles"},
{"name": "Kwan Yu Lo", "text": "Personal profile Expertise related to UN Sustainable Development Goals In 2015, UN member states agreed to 17 global Sustainable Development Goals (SDGs) to end poverty, protect the planet and ensure prosperity for all. This person’s work contributes towards the following SDG(s): Education/Academic qualification Bachelor of Commerce, Concordia University Doctor of Philosophy, The Hong Kong Polytechnic University", "url": "https://research.polyu.edu.hk/en/persons/kwan-yu-lo", "appendix": "Academic Staff in School of Fashion and Textiles"},
{"name": "Jeanne Tan", "text": "Personal profile Expertise related to UN Sustainable Development Goals In 2015, UN member states agreed to 17 global Sustainable Development Goals (SDGs) to end poverty, protect the planet and ensure prosperity for all. This person’s work contributes towards the following SDG(s):", "url": "https://research.polyu.edu.hk/en/persons/jeanne-tan", "appendix": "Academic Staff in School of Fashion and Textiles"},
{"name": "Wai Keung Wong", "text": "Personal profile Expertise related to UN Sustainable Development Goals In 2015, UN member states agreed to 17 global Sustainable Development Goals (SDGs) to end poverty, protect the planet and ensure prosperity for all. This person’s work contributes towards the following SDG(s): Education/Academic qualification Bachelor of Arts, Hong Kong Polytechnic Postgraduate Diploma, The Hong Kong Polytechnic University Doctor of Philosophy, The Hong Kong Polytechnic University", "url": "https://research.polyu.edu.hk/en/persons/wai-keung-wong-2", "appendix": "Academic Staff in School of Fashion and Textiles"},
{"name": "Christina Wong", "text": "Personal profile Biography Christina W.Y. Wong is a Professor in the Business Division, Institute of Textiles and Clothing at The Hong Kong Polytechnic University, Hong Kong. Her research interests are environmental management, supply chain integration, and reverse logistics. Her research papers have been published in academic journals, including the Production and Operations Management , Journal of Operations Management , Journal of Supply Chain Management , Nature, and others. She serves as an Editor of International Journal of Shipping and Transport Logistics , Associate Editor of Journal of Operations Management and Regional Editor of International Journal of Operations and Production Management. Her projects are funded by funding bodies from various countries, including Hong Kong, Thailand, Austria, Canada, and others. Expertise related to UN Sustainable Development Goals In 2015, UN member states agreed to 17 global Sustainable Development Goals (SDGs) to end poverty, protect the planet and ensure prosperity for all. This person’s work contributes towards the following SDG(s):", "url": "https://research.polyu.edu.hk/en/persons/christina-wong", "appendix": "Academic Staff in School of Fashion and Textiles"},
{"name": "Bingang Xu", "text": "Personal profile Biography Bingang Xu is a full Professor in School of Fashion and Textiles at Hong Kong Polytechnic University. He serves now as the Chair of Research Postgraduate Programme Committee and Deputy Chair of Research Committee in the School. Prof. Xu has published over 200 book chapters, journal and conference papers, and also holds 12 granted patents. His research interests include smart and sustainable wearables, wearable electronics, energy harvesting, energy conversion and storage, computer vision and artificial intelligence. Prof. Xu's recent work on sustainable and energy materials and computer vision model has been published in high-impact SCI journals such as Nature Communications, Advanced Materials, Advanced Energy Materials, Advanced Functional Materials, Applied Catalysis B-Environmental, Matter, Nano Energy, Energy Storage Materials, Nano-Micro Letters and IEEE Transactions on Cybernetics. As the Principal Investigator, Prof. Xu has led his team to consecutively win Gold Awards with the Congratulations of Jury in International Exhibition of Inventions of Geneva in Switzerland, in 2017 and 2018, respectively. Prof. Xu is now serving as a reviewer for over 36 international journals including Advanced Materials, Advanced Energy Materials, Advanced Functional Materials, Matter, Nano Energy, Applied Catalysis B-Environmental, Energy Storage Materials, ACS Nano, Nano-Micro Letters, Chemical Engineering Journal, etc. He has been invited as General Chair, Co-chair, Editor, Co-editor, Keynote Speaker, and Section Chair for a number of international conferences, and also served as a TPC member for over 20 international conferences with themes in advanced materials, energy and power, electrical engineering and automation, materials and environmental, computer science and artificial intelligence, mechanical and applied mathematics. Prof. Xu is currently on the Editorial Board of a number of SCI journals, also served as External Assessor and Examiner for overseas research grant proposals and PhD thesis. Expertise related to UN Sustainable Development Goals In 2015, UN member states agreed to 17 global Sustainable Development Goals (SDGs) to end poverty, protect the planet and ensure prosperity for all. This person’s work contributes towards the following SDG(s): Education/Academic qualification Bachelor of Engineering, Xi'an Jiaotong University Doctor of Philosophy, Xi'an Jiaotong University", "url": "https://research.polyu.edu.hk/en/persons/bingang-xu", "appendix": "Academic Staff in School of Fashion and Textiles"},
{"name": "Kit Lun Yick", "text": "Personal profile Expertise related to UN Sustainable Development Goals In 2015, UN member states agreed to 17 global Sustainable Development Goals (SDGs) to end poverty, protect the planet and ensure prosperity for all. This person’s work contributes towards the following SDG(s): Education/Academic qualification Ordinary National Diploma, Hong Kong Polytechnic Higher National Diploma in Clothing, Manchester Polytechnic Bachelor of Arts, Manchester Polytechnic Doctor of Philosophy, The Hong Kong Polytechnic University Diploma in Clothing (Production), Vocational Training Council (Kwun Tong Technical Institute)", "url": "https://research.polyu.edu.hk/en/persons/kit-lun-yick", "appendix": "Academic Staff in School of Fashion and Textiles"},
{"name": "Chu Po Ho", "text": "Personal profile Expertise related to UN Sustainable Development Goals In 2015, UN member states agreed to 17 global Sustainable Development Goals (SDGs) to end poverty, protect the planet and ensure prosperity for all. This person’s work contributes towards the following SDG(s): Education/Academic qualification Bachelor of Arts in Clothing Studies, The Hong Kong Polytechnic University Doctor of Philosophy, The Hong Kong Polytechnic University Master of Arts, The Nottingham Trent University", "url": "https://research.polyu.edu.hk/en/persons/chu-po-ho", "appendix": "Academic Staff in School of Fashion and Textiles"},
{"name": "Tao Hua", "text": "Personal profile Biography Dr Tao Hua (華濤) is currently an Associate Professor in Institute of Textiles and Clothing, The Hong Kong Polytechnic University. He was a Visiting Scholar at the University of California, Davis, USA in 1998. Prior to joining ITC, he was an Associate Professor at Jiangnan University in China and then a Research Fellow at ITC of PolyU. He has rich teaching and research experience in textile materials and technologies. He has published more than 120 journal papers, conference proceedings and patents. His recent work on flexible and wearble sensors and energy devices has been published in leading material, sensor and energy journals such as Advanced Energy Materials, Advanced Materials, Journal of Materials Chemistry A, Small, Nano Research, Carbon and Journal of Power Sources. He is a Fellow of the Royal Society for Arts, Manufactures and Commerce, Member of Textile Institute, Member of The Fiber Society, Member of the Hong Kong Institution of Textile and Apparel and Consulting Editor (Weaving Technology) of Textile Asia. He received First Class Award of Science and Technology by the China National Textile and Apparel Council in 2009 and China Innovation Achievement Award by the National Industry, Academia and Research Innovation Society in 2014. He has recently won the Early Career Award (香港 [2016/2017年度杰青学者奖], Top 3% ) granted by the Hong Kong Research Grants Council (RGC) in 2016/17 in recognition of his excellent research performance. Expertise related to UN Sustainable Development Goals In 2015, UN member states agreed to 17 global Sustainable Development Goals (SDGs) to end poverty, protect the planet and ensure prosperity for all. This person’s work contributes towards the following SDG(s): Education/Academic qualification Master of Engineering, China Textile University Doctor of Philosophy, The Hong Kong Polytechnic University", "url": "https://research.polyu.edu.hk/en/persons/tao-hua", "appendix": "Academic Staff in School of Fashion and Textiles"},
{"name": "Rong Liu", "text": "Personal profile Expertise related to UN Sustainable Development Goals In 2015, UN member states agreed to 17 global Sustainable Development Goals (SDGs) to end poverty, protect the planet and ensure prosperity for all. This person’s work contributes towards the following SDG(s): Education/Academic qualification Doctor of Philosophy, The Hong Kong Polytechnic University Keywords TA Engineering (General). Civil engineering (General) Textiles and Clothing Technology and Design Compression Textiles Biomedical Functional Materials Product Innovation & Development Performance Evaluation", "url": "https://research.polyu.edu.hk/en/persons/rong-liu", "appendix": "Academic Staff in School of Fashion and Textiles"},
{"name": "Pik Yin Mok", "text": "Personal profile Expertise related to UN Sustainable Development Goals In 2015, UN member states agreed to 17 global Sustainable Development Goals (SDGs) to end poverty, protect the planet and ensure prosperity for all. This person’s work contributes towards the following SDG(s):", "url": "https://research.polyu.edu.hk/en/persons/pik-yin-mok", "appendix": "Academic Staff in School of Fashion and Textiles"},
{"name": "Wai Yee Yee", "text": "Personal profile Expertise related to UN Sustainable Development Goals In 2015, UN member states agreed to 17 global Sustainable Development Goals (SDGs) to end poverty, protect the planet and ensure prosperity for all. This person’s work contributes towards the following SDG(s): Education/Academic qualification Bachelor of Engineering in Manufacturing Engineering, The Hong Kong Polytechnic University Doctor of Philosophy, The Hong Kong Polytechnic University Master of Philosophy, The University of Hong Kong", "url": "https://research.polyu.edu.hk/en/persons/wai-yee-yee", "appendix": "Academic Staff in School of Fashion and Textiles"},
{"name": "Shaoyu Chen", "text": "Personal profile Education/Academic qualification Textile Science and Engineering, Doctor of Philosophy, Jiangnan University Textile Technology, Bachelor of Engineering, Jiangnan University Chemistry, Doctor of Philosophy, University of Groningen External positions Postdoctoral Fellow, East China University of Science and Technology Postdoctoral Fellow, University of Groningen", "url": "https://research.polyu.edu.hk/en/persons/shaoyu-chen", "appendix": "Academic Staff in School of Fashion and Textiles"},
{"name": "Di Fan", "text": "Personal profile Biography Resume Google Scholar Dr. Fan is currently an Assistant Professor at the Hong Kong Polytechnic University. Before joining PolyU, he was an Assistant Professor at Macau University of Science and Technology (MUST, 2015-2018) and Senior Lecturer/Senior Assistant Professor at the Australian National University (ANU, 2019-2020). He is a researcher in the areas of sustainable operations management and global supply chain. He has published in prestigious academic journals including Journal of Operations Management, Manufacturing & Service Operations Management, Production and Operations Management and Decision Sciences. He is an Associate Editor of Journal of Operations Management and Editorial board member of Decision Sciences . He has received several research related awards including the IACMR 2017 Presidential Award of Responsible Research, 2020 Jack Meredith Best Paper Award, 2022 Honorable Mention of Reviewer Service, and 2023 Best Reviewer Award of Journal of Operations Management . His research findings and commentaries were featured by over 100 reports from international media including The Guardian, Financial Times, Nikkei Asia, Vogue Business, Just Style, The Sydney Morning Herald, The Age (Melbourne) and Hong Kong local media including South China Morning Post, Ming Pao, HKET, HKEJ and Headline Daily. Dr Fan’s teaching experiences span various aspects of business, including sustainability, operations management, sourcing & logistics, enterprise systems, project management, decision making methods and business statistics. He had served as the program leader of Master of Supply Chain Management (MUST) and Master of Project Management (ANU). He is currently the discipline leader of fashion business, and the deputy program leader of Master of Sustainable Fashion and Innovation (PolyU). Teaching Current: The Hong Kong Polytechnic University: ITC512: International Trade and FDI in Textiles & Fashion ITC6000Q: Research Methodology for Research Postgraduate Students SFT6000R: Organizational Management and Decision Theories in Business Research Past: The Hong Kong Polytechnic University: Sustainability in Fashion and Textiles Merchandising Management Sourcing and Logistics The Australian National University: Tools & Techniques in Business Project Management Enterprise Systems in Business Business Decision Making Macau University of Science and Technology: Business Statistics Project Management Decision-making Methods Introduction to Management Information System Operations Management Research interests Selected publications: “Rigidity in Crisis: The Impact of OHSAS 18001 Certification on Production Repurposing during COVID-19”. Production and Operations Management . 2023. with Ye, Y., Jiang, S., Huo, B. & Liu, J. Media coverage including Bloomberg, Associated Press, Agence France-Presse, Yahoo. “Impact of the U.S.–China Trade War on the Operating Performance of U.S. Firms: The Role of Outsourcing and Supply Base Complexity”. Journal of Operations Management . 2022; 68(8), 928-962. with Zhou, Y., Yeung, A.C.L., Lo, C.K.Y. & Tang, C.S. Reported by 10 media outlets including Hong Kong Economic Journal, Yahoo Hong Kong, HK01 and Oriental Daily News. \"Global Operations and Supply-Chain Management Under the Political Economy\". Journal of Operations Management . 2022; 68(8), 618-623. with Yeung, A.C.L., Tang, C.S., Lo, C.K.Y. & Zhou, Y. \"Deviations from aspirational target levels and environmental and safety performance: Implications for operations managers acting irresponsibly\". Journal of Operations Management . 2019; 65(6), 490-516. with Wiengarten, F., Pagell, M. & Lo, C. K. Y. 2020 Jack Meredith Best Paper Award Featured article of Journal of Operations Management. 2018-2019 Wiley top downloaded paper. Reported by 16 media outlets including The Guardian, The Sydney Morning Herald, The Age (Melbourne), Yahoo! UK & Ireland, Western Australia Today, Brisbane Times. \"Managerial Time Horizons and the Decision to Put Operational Workers at Risk: The Role of Debt.\" Decision Sciences . 2019; 50(3), 582-611. with Pagell, M., Wiengarten, F., Humphrey, P. & Lo. C.K.Y. Reported by the Sydney Morning Herald, The Age, National Radio News and Canberra FM \"Environmental Incidents and the Market Value of Firms: An Empirical Investigation in the Chinese Context.\" Manufacturing & Service Operations Management . 2018; 20(3), 422-439. with Lo, C. K. Y., Tang, C. S., Zhou, Y. & Yeung, A. C. L. Inaugural IACMR Responsible Research Award paper, Reported by UCLA Anderson Review and INFORMS Newsroom. \"The differing impacts of operational and financial slack on occupational safety in varying market conditions.\" Journal of Operations Management , 2017; 52, 30-45. with Wiengarten, F., Lo, C. K. Y., & Pagell, M. \"OHSAS 18001 certification and operating performance: The role of complexity and coupling.\" Journal of Operations Management , 2014; 32(5), 268-280. with Lo, C. K. Y., Pagell, M., Wiengarten, F., & Yeung, A. C. L. Selected awards: Winner of JOM Reviewer Service Award (2023), Journal of Operations Management . Honorable Mention of JOM Reviewer Service (2022), Journal of Operations Management . Jack Meredith Best Paper Award (2020), Journal of Operations Management. Wiley top downloaded paper (2018-2019), Journal of Operations Management. Responsible research in management inaugural IACMR presidential award (2017), International Association for Chinese Management Research (IACMR). Outstanding Reviewer (2017): International Journal of Production Economics , Elsevier. Selected research grants: 2024-2026: Building Resilience amidst the Global Regulatory Landscape: An Event Study of the Impacts of Government Trade Sanctions on Performance of Targeted Firms: PI. HKD$493,427. General Research Fund. Research Grants Council of Hong Kong. 2023-2026: Corporate Carbon Neutrality Goal Settings in Chinese Industrial Sectors: Antecedents and Consequences: PI . CNY¥ 300,000. Young Scientists Fund. National Natural Science Foundation of China. 2023-2025: Carbon Neutrality Goal Setting and Environmental Performance of Firms: An Event Study: PI. HKD$ 523,591. General Research Fund. Research Grants Council of Hong Kong. 2022-2024: Locking in International Buyer-Supplier Relationships: Evidence from the US-China Trade War: PI. HKD$ 447,993. General Research Fund. Research Grants Council of Hong Kong. 2020-2021: Risk-based decision making for production resumption in the global supply chain: Evidence from the COVID-19 outbreak: Co-PI . MOP$ 220,300. Higher Education Bureau of Macau. In the media: “Survey on Consumer Perceptions of Sustainable Fashion in Hong Kong and Macau 2023” (2023/7/28), featured by 12 media including Hong Kong Economic Times , Hong Kong Commercial Daily , Oriental Daily News , Yahoo Finance . “New Study from PolyU Reveals Organizational Learning’s Critical Role in ESG Resilience” (2023/7/26), press release covered in Bloomberg , Associated Press News , Agence France-Presse , Yahoo , Market Watch . “China’s sportswear market: Trends and pitfalls” (2023/7/10), World Textile Information Network (WTiN), https://www.wtin.com/article/2023/july/10-07-23/china-s-sportswear-market-trends-and-pitfalls/ “China’s grand plan for Central Asia apparel industry” (2023/6/22), Just Style, https://www.just-style.com/features/chinas-grand-plan-for-central-asia-apparel-industry/ \"Pros and cons of blockchain in the textile industry\" (2023/5/15), World Textile Information Network (WTiN), https://www.wtin.com/article/2023/may/15-05-23/pros-and-cons-of-blockchain-in-the-textile-industry/ \"Why China’s part of the global apparel supply chain is limping into 2023\" (2023/2/3), Just Style, https://www.just-style.com/features/why-chinas-part-of-the-global-apparel-supply-chain-is-limping-into-2023/ \"Can 'gripper' robots shift garment making from Asia to the West?\" (2022/11/15), Nikkei Asia, https://asia.nikkei.com/Business/Business-trends/Can-gripper-robots-shift-garment-making-from-Asia-to-the-West \"Shein copycats chase its explosive growth\" (2022/11/2), Financial Times, https://www.ft.com/content/580f8ec3-61c2-4e40-9958-98481d582c45 \"U.S. tariff hurts profitability of U.S. firms\" (2022/10/7), featured by 10 media including Oriental News , Hong Kong Economic Journal , HK01 . “Survey on Consumer Perceptions of Sustainable Fashion in Hong Kong and Macau” (2022/7/11), featured by 20 media including Hong Kong Business Times , Hong Kong Economic Times , Yahoo News , Ming Pao , Headline Daily , Marketing-Interative . “The sustainable fashion brands leading the charge in China” (2022/6/8), Just Style. https://www.just-style.com/features/the-sustainable-fashion-brands-leading-the-charge-in-china/ “Energy crisis brings textile sector to the brink” (2022/4/19), World Textile Information Network. https://www.wtin.com/article/2022/april/18-04-22/energy-crisis-brings-textile-sector-to-the-brink/ “Behind Shein: China’s fashion retailer taking the world by storm” (2022/3/24), Just Style. https://www.just-style.com/features/shein-chinas-fast-fashion-retailer-taking-the-world-by-storm/ \"ESSENTIAL SOURCING GUIDE: China’s apparel sector\" (2022/3/16), Just Style. https://www.just-style.com/features/essential-sourcing-guide-chinas-apparel-sector/ “Trump’s Tariffs Did, In Fact, Hurt U.S. Importers” (2021/11/15), UCLA Anderson Review. https://anderson-review.ucla.edu/trumps-tariffs-did-in-fact-hurt-u-s-importers/ “Tokyo Olympics: silence is golden at Games as Western teams keep quiet over suspected use of Xinjiang cotton by Chinese brands” (2021/8/1), South China Morning Post. https://www.scmp.com/sport/china/article/3143389/tokyo-olympics-silence-golden-games-western-teams-keep-quiet-over “Will Uzbekistan cotton reap the benefits of Xinjiang’s alleged labour abuses?” (2021/5/17). South China Morning Post. https://www.scmp.com/news/china/politics/article/3133792/will-uzbekistan-cotton-reap-benefits-xinjiangs-alleged-labour “How brands should approach sustainability in China” (2021/5/5), Vogue Business. https://www.voguebusiness.com/consumers/how-brands-should-approach-sustainability-in-china “Chinese branch of Better Cotton Initiative challenges headquarters and says it has found no evidence of Xinjiang forced labour” (2021/3/29), South China Morning Post. https://www.scmp.com/news/china/politics/article/3127501/chinese-branch-better-cotton-initiative-challenges-headquarters “Xinjiang Maelstrom Rocks Burberry, Adidas, Uniqlo—and Mega Brands Scrub XUAR Statements” (2021/3/25), Sourcing Journal. https://sourcingjournal.com/topics/labor/china-h-m-nike-xinjiang-forced-labor-weibo-boycott-cotton-sourcing-270427/ “The verdict on the world’s largest free trade deal: The Regional Comprehensive Economic Partnership covers 50 per cent of global textile and apparel exports.” (2020/11/19), Vogue Business. https://www.voguebusiness.com/companies/what-rcep-means-for-fashion “Fashion’s cotton supply caught in crossfire of US-China trade war” (2020/9/16), Vogue Business. https://www.voguebusiness.com/sustainability/us-ban-cotton-xinjiang “Debt-laden firms are more likely to risk work safety: study” (2020/4/22), Australian National University. https://www.anu.edu.au/news/all-news/debt-laden-firms-are-more-likely-to-risk-work-safety-study “Risky business: Sharp debt increases can hit worker safety, study finds” (2020/4/16), Sydney Morning Herald, The Age, Brisbane Times. https://www.smh.com.au/business/workplace/risky-business-sharp-debt-increases-can-hit-worker-safety-study-finds-20200421-p54lqc.html “Hubris behind corporate unethical behaviour” (2020/11/19), Australian National University. https://www.anu.edu.au/news/all-news/hubris-behind-corporate-unethical-behaviour “Hubris in well-performing companies can lead to trouble: study” (2019/11/19), Sydney Morning Herlad, The Age, Brisbane Times, Western Australia Today. https://www.smh.com.au/politics/federal/hubris-in-well-performing-companies-can-lead-to-trouble-study-20191118-p53bkx.html “Big profits can fuel bad corporate behaviour, new research shows” (2019/11/18), The Guardian, Yahoo! News. https://www.theguardian.com/australia-news/2019/nov/19/big-profits-can-fuel-bad-corporate-behaviour-new-research-shows “Your Chinese Supplier Pollutes – It Dents Your Stock Price?” (2017/9/19), UCLA Anderson Review. https://anderson-review.ucla.edu/polluting-manufacturers/ Expertise related to UN Sustainable Development Goals In 2015, UN member states agreed to 17 global Sustainable Development Goals (SDGs) to end poverty, protect the planet and ensure prosperity for all. This person’s work contributes towards the following SDG(s): External positions Senior Lecturer, Australian National University Jan 2019 → Jul 2020 Assistant Professor, Macau University of Science and Technology Sept 2015 → Dec 2018 Keywords HD28 Management. Industrial Management Supply chain management Sustainability", "url": "https://research.polyu.edu.hk/en/persons/di-fan", "appendix": "Academic Staff in School of Fashion and Textiles"},
{"name": "Qiyao Huang", "text": "Personal profile Expertise related to UN Sustainable Development Goals In 2015, UN member states agreed to 17 global Sustainable Development Goals (SDGs) to end poverty, protect the planet and ensure prosperity for all. This person’s work contributes towards the following SDG(s):", "url": "https://research.polyu.edu.hk/en/persons/qiyao-huang", "appendix": "Academic Staff in School of Fashion and Textiles"},
{"name": "Tsai-chun Huang", "text": "Personal profile Education/Academic qualification Bachelor of Arts, National Taiwan University Doctor of Philosophy, Royal College of Art Master of Design, Shih Chien University Keywords TT Handicrafts Arts and crafts textile fashion Technology and Design pleat", "url": "https://research.polyu.edu.hk/en/persons/tsai-chun-huang", "appendix": "Academic Staff in School of Fashion and Textiles"},
{"name": "Chung Wha Ki", "text": "Personal profile Research interests At the core, Dr. Ki’s research interests lie in consumer psychology and behavior and linking it to diverse fashion retail and marketing contexts. Particular focuses include: Digital technology mediated fashion retail and marketing : Metaverse and fashion consumer behavior; Human (and virtual) influencer marketing for fashion consumers AI and human-computer interaction : AI-powered digital humans (e.g., AI virtual influencers) and their marketing effectiveness towards fashion consumers; AI-enabled services (e.g., AI voice assistants) and human-computer interaction Circular fashion : Consumers' moral responsibility toward circular fashion co-creation Luxury fashion : Sustainable luxury fashion; Pleasure and guilt, how do they interplay in luxury fashion consumption?; Second-hand luxury fashion Teaching The subjects she teaches include: ITC4058: Fashion brand management ITC3991: Fashion consumer behavior ITC3224: Business development of luxury accessories and lifesyle products ITC2019: Management principles in the fashion business For more information, please visit Dr. Ki's personal webpage: https://www.chloeki.com/ Expertise related to UN Sustainable Development Goals In 2015, UN member states agreed to 17 global Sustainable Development Goals (SDGs) to end poverty, protect the planet and ensure prosperity for all. This person’s work contributes towards the following SDG(s): Education/Academic qualification Bachelor of Arts in English Language & Literature, Ewha Womans University Master of Arts in Clothing & Textiles, Ewha Womans University Doctor of Philosophy, University of Tennessee, Knoxville", "url": "https://research.polyu.edu.hk/en/persons/chung-wha-ki", "appendix": "Academic Staff in School of Fashion and Textiles"},
{"name": "Chi Hin Lam", "text": "Personal profile Education/Academic qualification Bachelor of Arts in Fashion and Textiles, The Hong Kong Polytechnic University Master of Arts in Fashion and Textile Design, The Hong Kong Polytechnic University Doctor of Philosophy, The Hong Kong Polytechnic University", "url": "https://research.polyu.edu.hk/en/persons/chi-hin-lam", "appendix": "Academic Staff in School of Fashion and Textiles"},
{"name": "Man Lok Lam", "text": "Personal profile Biography Dr. Magnum Lam is currently an assistant professor at the School of Fashion and Textiles, The Hong Kong Polytechnic University. He is currently a Visiting Scholar at the Faculty of Management, The University of British Columbia – Okanagan. His research interests cover fashion consumer behavior, consumers' aesthetic experiences, fashion and sustainability management, and consumer moralism. His works (i.e. paper publication and design exhibitions) have been published and presented in some of the renowned international academic journals and conferences, including Resources, Conservation & Recycling , International Journal of Consumer Studies , The Design Journal , Fashion, Style & Popular Culture, Journal of Global Fashion Marketing , and conferences proceedings in Association for Consumer Research Conference , Cumulus Conferences , International Foundation of Fashion Technology Institutes (IFFT) Conference , and the European Academy of Design Conference . Apart from his publications, Dr. Lam’s research excellence is also recognized with a number of academic awards, which includes the best papers for the International Foundation of Fashion Technology Institutes (IFFTI) and International Textile and Apparel Association and Korean Academy of Marketing Science - The 2011 ITAA-KAMS Joint Symposium. Expertise related to UN Sustainable Development Goals In 2015, UN member states agreed to 17 global Sustainable Development Goals (SDGs) to end poverty, protect the planet and ensure prosperity for all. This person’s work contributes towards the following SDG(s): External positions Visiting Scholar , University of British Columbia-Okanagan 2019 → 2022", "url": "https://research.polyu.edu.hk/en/persons/man-lok-lam-2", "appendix": "Academic Staff in School of Fashion and Textiles"},
{"name": "Kaikai Ma", "text": "Personal profile Education/Academic qualification Doctor of Philosophy, The Hong Kong Polytechnic University", "url": "https://research.polyu.edu.hk/en/persons/kaikai-ma", "appendix": "Academic Staff in School of Fashion and Textiles"},
{"name": "Kwok Hei Ng", "text": "Personal profile Expertise related to UN Sustainable Development Goals In 2015, UN member states agreed to 17 global Sustainable Development Goals (SDGs) to end poverty, protect the planet and ensure prosperity for all. This person’s work contributes towards the following SDG(s): Education/Academic qualification Bachelor of Arts in Fashion and Textiles (Fashion and Textile Design), The Hong Kong Polytechnic University Doctor of Philosophy, The Hong Kong Polytechnic University External positions Executive Committee (Education), Hong Kong Cheongsam Association 10 Dec 2021 → … Representative of Institutional Membership, Hong Kong Cheongsam Association 24 Jun 2021 → … Reviewer, Journal of Industrial Textiles 10 Apr 2020 → …", "url": "https://research.polyu.edu.hk/en/persons/kwok-hei-ng", "appendix": "Academic Staff in School of Fashion and Textiles"},
{"name": "Dahua Shou", "text": "Personal profile Biography Dr Dahua Shou is Limin Endowed Young Scholar in Advanced Textiles Technologies (利民先進紡織科技青年學者席) under the University’s Endowed Young Scholars Scheme, an Assistant Professor of School of Fashion and Textiles (SFT), and a member of Research Institute for Intelligent Wearable Systems (RI-IWEAR), Research Institute for Smart Energy (RISE) and Research Institute for Sports Science and Technology (RISports), The Hong Kong Polytechnic University (PolyU). He serves as the Head of Future Intelligent Wear Centre (未來智慧穿戴中心), SZRI. Dr Shou gained his PhD from PolyU and studied at The University of Sydney as an exchange PhD student. Prior to joining SFT, he worked as a Postdoctoral Fellow consecutively at The University of Sydney and Cornell University. Dr. Shou has been selected to be the recipient of the Fiber Society’s 2023 Distinguished Achievement Award in Fiber Science. He ranks among Top 2% Scientists Worldwide 2022 (Career & Single Year) by Stanford University. He has received many reputed prizes including TechConnect Global Innovation Awards and Geneva Invention Awards. He has also been recognized as a Vebleo Fellow in 2021. Dr Shou has been invited to be an Editorial Member of 7 Q1/Q2 SCI journals. He has obtained the Publons Global Peer Review Awards and served as an External Examiner for oversea PhD dissertations and competitive research funds. He has also been invited to be a Session Chair, Keynote Speaker, and Program Committee Member for international conferences and industry workshops. Dr Shou's research focuses on Advanced Textiles, Smart Wearables, and Thermal and Moisture Management , and his team is exploring iFiber : I nterface, F ibers, I ntelligence, B ioinspiration, E nergy, and R obotics, to increase understanding and optimize performance of body-environment and/or human-machine interface for Human Argumentation , based on advanced and sustainable fibrous materials, intelligent models and algorithms, bioinspired design, energy harvesting and conversion, and soft robotics. Over 60 peer-review papers have been published in prestigious journals such as Science Advances, PNAS, Advanced Energy Materials, Advanced Functional Materials, Langmuir, Physical Review E, and International Journal of Heat and Mass Transfer. In 2021-2022, 3 US patents have been granted. He has led over 20 research grants (as PI) from RGC, ITF, ECF, Industry, and PolyU. The applicants for PhD, Postdoc and RA positions are welcomed to send the CV to dahua.shou@polyu.edu.hk . Expertise related to UN Sustainable Development Goals In 2015, UN member states agreed to 17 global Sustainable Development Goals (SDGs) to end poverty, protect the planet and ensure prosperity for all. This person’s work contributes towards the following SDG(s): Education/Academic qualification Doctor of Philosophy, The Hong Kong Polytechnic University", "url": "https://research.polyu.edu.hk/en/persons/dahua-shou", "appendix": "Academic Staff in School of Fashion and Textiles"},
{"name": "Amy Zhou", "text": "Personal profile Biography Amy is currently an Assistant Professor in Fashion Business at the Hong Kong Polytechnic University. She received her MSc in Creative and Cultural Industries Management at the University of Sheffield in 2015 and then obtained her PhD in Fashion Marketing at the University of Manchester in 2019. She worked as a teaching assistant for courses in fashion marketing and retail at both undergraduate and postgraduate levels at the University of Manchester, and as a Research Assistant Professor in Fashion Business at PolyU. She has presented her research at several national and international academic conferences and published articles on influencer marketing in Journal of Business Research and International Journal of Information Management . Research interests Amy’s research interests focus on the following areas: Digital marketing Digital human marketing Virtual influencers Brand avatars and virtual assistants Consumers ’ virtual identities/avatars Social media marketing Influencer marketing eWOM Technological innovations (VR, AR, & Metaverse) in marketing Online gaming and fashion marketing Non-fungible tokens (NFTs) in creative and cultural industries e-commerce and social commerce Luxury brand marketing Advertising and marketing communications Consumer behaviour Consumer psychology Consumer culture theory Consumer identity projects Consumers’ interpretive strategies Expertise related to UN Sustainable Development Goals In 2015, UN member states agreed to 17 global Sustainable Development Goals (SDGs) to end poverty, protect the planet and ensure prosperity for all. This person’s work contributes towards the following SDG(s): Education/Academic qualification Bachelor of Arts, Huaqiao University Doctor of Philosophy, The University of Manchester Master of Science, The University of Sheffield", "url": "https://research.polyu.edu.hk/en/persons/amy-shuang-zhou", "appendix": "Academic Staff in School of Fashion and Textiles"},
{"name": "Dr Chen Jianming", "text": "Academic Staff Dr Chen Jianming Research Assistant Professor Location ST728 Phone +852 2766 6442 mail jianming.chen@polyu.edu.hk stream Fashion and Textile Technology Education and Academic Qualifications Doctor of Philosophy, The Hong Kong Polytechnic University", "url": "https://www.polyu.edu.hk/sft/people/academic-staff/dr-chen-jianming/", "appendix": "Academic Staff in School of Fashion and Textiles"},
{"name": "Dr Fang Bo", "text": "Academic Staff Dr Fang Bo Research Assistant Professor Location ST807 Phone +852 2766 6445 mail fibre.fang@polyu.edu.hk", "url": "https://www.polyu.edu.hk/sft/people/academic-staff/dr-fang-bo/", "appendix": "Academic Staff in School of Fashion and Textiles"},
{"name": "Jimin Fu", "text": "Personal profile Education/Academic qualification Doctor of Philosophy, The Hong Kong Polytechnic University Bachelor of Engineering, Zhejiang University", "url": "https://research.polyu.edu.hk/en/persons/jimin-fu", "appendix": "Academic Staff in School of Fashion and Textiles"},
{"name": "Juyeun Jang", "text": "Personal profile Biography Fashion Retail Innovation Lab The Fashion Retail Innovation Lab (FRIL) conducts research to deepen our understanding of the fashion retail environment and retail technologies' impacts on consumer information processing and consumer behavior. FRIL is led by Dr. Juyeun Jang, a research assistant professor in the School of Fashion and Textiles at The Hong Kong Polytechnic University. Her primary research focuses on immersive retailing using advanced technology such as virtual reality and its impact on consumers’ information processing and behavioral response for developing creative retail environments and business strategies. She also has carried out innovative and practical research projects to investigate the impact of on/offline environments on consumers’ cognitive/affective and psychophysiological responses (eye-tracking, heart rate, muscle activities, etc.). For further information, please visit Dr. Jang's Website. www.frinnolab.com Education/Academic qualification Bachelor of Home Economics, Ewha Womans University Master of Science in Textiles, Merchandising, and Fashion Design, Seoul National University Doctor of Philosophy in Textiles, Merchandising, and Fashion Design, Seoul National University", "url": "https://research.polyu.edu.hk/en/persons/juyeun-jang", "appendix": "Academic Staff in School of Fashion and Textiles"},
{"name": "Ying Ji", "text": "Personal profile Biography Dr. Ying Ji received her BSc (2009) and MSc (2012) in polymer science and engineering from Zhejiang University. She obtained her PhD degree in fiber science (2016) from Cornell University. Prior to joining Institute of Textiles and Clothing, she worked as a postdoctoral research fellow at Center for Environmental Implications of Nanotechnology, University of California, Los Angeles. Her research interests include developing biodegradable polymeric materials and functional materials for biomedical applications. 1. Biodegradable polymeric materials Synthetic amino acid based poly(ester amide)s, poly esters with tunable enzymatic and hydrolytic degradation profile. Oxo-degradation and biodegradation of post-consumer polymeric materials. 2. Functional materials for biomedical applications. Synthesis and development of polymeric materials, including polyacrylates/methacrylates, cyclodextrin based polyrotaxane, biodegradable poly(ester amide)s, polyesters and natural polysaccharide derivatives (chitosan, hyaluronic acid, etc). Developing mesoporous silica nanoparticles with fine-tuning of morphological properties, physicochemical properties and lipid/polymer coating, etc. Surface engineering of materials for biointerface modulation. Expertise related to UN Sustainable Development Goals In 2015, UN member states agreed to 17 global Sustainable Development Goals (SDGs) to end poverty, protect the planet and ensure prosperity for all. This person’s work contributes towards the following SDG(s):", "url": "https://research.polyu.edu.hk/en/persons/ying-ji", "appendix": "Academic Staff in School of Fashion and Textiles"},
{"name": "Dr Kang Zhanxiao", "text": "Academic Staff Dr Kang Zhanxiao Research Assistant Professor Location ST720 Phone +852 2766 6462 mail z.x.kang@polyu.edu.hk", "url": "https://www.polyu.edu.hk/sft/people/academic-staff/dr-kang-zhanxiao/", "appendix": "Academic Staff in School of Fashion and Textiles"},
{"name": "Junhong Pu", "text": "Personal profile Education/Academic qualification Bachelor of Engineering in Polymer Materials Processing Engineering, Sichuan University Doctor of Engineering in Materials Processing Engineering, Sichuan University", "url": "https://research.polyu.edu.hk/en/persons/junhong-pu", "appendix": "Academic Staff in School of Fashion and Textiles"},
{"name": "Dr Lisa Zhang", "text": "Academic Staff Dr Lisa Zhang Research Assistant Professor Location ST725 Phone +852 2766 5604 mail lisa-lisa.zhang@polyu.edu.hk stream Fashion & Textile Technology", "url": "https://www.polyu.edu.hk/sft/people/academic-staff/dr-lisa-zhang/", "appendix": "Academic Staff in School of Fashion and Textiles"},
{"name": "Dr Desmond Chau Kwok-pui", "text": "Teaching Fellow. Location QT724. Phone+ 852 2766 6496. mail desmond.chau@polyu.edu.hk Dr Desmond Chau, is a seasoned lecturer teaching most computer aided design-related subjects in ITC.  He also teaches interactive (i.e. digital) presentation in ITC, and he has developed a number of new subjects in the new BSc in digital fashion programme.  He is very experienced in video production: he led/contributed in the production of all promotional videos of ITC, from which he won a number of video production awards.  The recent promotional video for the newly proposed BSc (Hons) Digital Fashion programme was produced in-house led by Dr Chau.Education and Academic Qualifications: Master of Science in Information Technology with Internet Applications, The Open University of Hong Kong\nDoctor of Philosophy, The Hong Kong Polytechnic University. Professional Qualifications: Chartered Member and Associate of the Textile Institute", "url": "https://www.polyu.edu.hk/sft/people/academic-staff/dr-desmond-chau-kwok-pui/", "appendix": "Academic Staff in School of Fashion and Textiles"},
{"name": "Dr Man Cheung", "text": "Academic Staff Dr Man Cheung Teaching Fellow Location QT709 Phone +852 2766 6516 mail man.cheung.nm@polyu.edu.hk stream Fashion & Textile Design", "url": "https://www.polyu.edu.hk/sft/people/academic-staff/dr-man-cheung/", "appendix": "Academic Staff in School of Fashion and Textiles"},
{"name": "Mr Ryan Houlton", "text": "Academic Staff Mr Ryan Houlton Teaching Fellow Location QT608 Phone +852 2766 4572 mail ryan-scott.houlton@polyu.edu.hk stream Fashion & Textile Design Education and Academic Qualifications Bachelor of Arts in Fashion Design, The University of Salford Master of Arts in Fashion Womenswear, Royal College of Art", "url": "https://www.polyu.edu.hk/sft/people/academic-staff/mr-ryan-houlton/", "appendix": "Academic Staff in School of Fashion and Textiles"},
{"name": "Dr Kitty Lam Ngan Yi", "text": "Academic Staff Dr Kitty Lam Ngan Yi Teaching Fellow Location ST722 Phone +852 2766 4796 mail kitty-ny.lam@polyu.edu.hk stream Fashion and Textile Design", "url": "https://www.polyu.edu.hk/sft/people/academic-staff/dr-kitty-lam-ngan-yi/", "appendix": "Academic Staff in School of Fashion and Textiles"},
{"name": "Dr Lo Ka-wai", "text": "Academic Staff Dr Lo Ka-wai Teaching Fellow Location ST717 Phone +852 2766 6482 mail kw.lo@polyu.edu.hk stream Fashion & Textile Design Education and Academic Qualifications Bachelor of Arts in Scheme Fashion and Textiles, The Hong Kong Polytechnic University Master of Arts in Fashion and Textiles, The Hong Kong Polytechnic University Doctor of Philosophy, The Hong Kong Polytechnic University", "url": "https://www.polyu.edu.hk/sft/people/academic-staff/dr-lo-ka-wai/", "appendix": "Academic Staff in School of Fashion and Textiles"},
{"name": "Dr Sarkar Manas Kumar", "text": "Academic Staff Dr Sarkar Manas Kumar Teaching Fellow Location QT711 Phone +852 2766 6508 mail manas-kumar.sarkar@polyu.edu.hk stream Fashion & Textile Technology ORCID ID Biography Dr. Manas K. Sarkar completed his B.Sc. (Textile Technology) from the University of Calcutta and Master in Textile from the University of Mumbai, India. He earned his Ph.D. in Textile from Hong Kong Polytechnic University. Before joining ITC, Dr. Sarkar worked as a Research head in a Hong Kong based Textile Company.  Dr. Sarkar has wide experience in Teaching, Research, and Industry. Education and Academic Qualifications Bachelor of Science (Technology), University of Calcutta Master of Textile, University of Mumbai Doctor of Philosophy, The Hong Kong Polytechnic University Teaching Area 2019-2020: Fabric Technology II – Undergraduate Textile Studies II – Undergraduate 2020-2021: Fabric Technology I - Undergraduate Function-Focus Fibrous Products and Technology - Undergraduate Woven Fabric Design Project - Undergraduate Clothing & Textile Materials & Processes – Master 2021-2022: Function-Focus Fibrous Products and Technology- Undergraduate Techno Fashion Products- Undergraduate Apparel Performance Evaluation –Master Research Interests Weaving Fabric Fabric design functional Textiles", "url": "https://www.polyu.edu.hk/sft/people/academic-staff/dr-manas-k-sarkar/", "appendix": "Academic Staff in School of Fashion and Textiles"},
{"name": "Dr Salvatore Lo Sicco", "text": "Academic Staff Dr Salvatore Lo Sicco Teaching Fellow Location ST714 Phone +852 2766 5905 mail salvatore.losicco@polyu.edu.hk stream Fashion Business Education and Academic Qualifications Doctor in Economy and Commerce, University of Palermo", "url": "https://www.polyu.edu.hk/sft/people/academic-staff/dr-luca-lo-sicco/", "appendix": "Academic Staff in School of Fashion and Textiles"},
{"name": "Dr Carrie Wong", "text": "Academic Staff Dr Carrie Wong Teaching Fellow Location ST712 Phone +852 2766 4025 mail carrie.wong@polyu.edu.hk stream Fashion Business", "url": "https://www.polyu.edu.hk/sft/people/academic-staff/dr-carrie-wong/", "appendix": "Academic Staff in School of Fashion and Textiles"},
{"name": "Dr Zhou Jinyun", "text": "Academic Staff Dr Zhou Jinyun Teaching Fellow Location QT705 Phone +852 2766 5607 mail zhou.jinyun@polyu.edu.hk stream Fashion & Textile Technology SCOPUS ID Education and Academic Qualifications Doctor of Philosophy, The Hong Kong Polytechnic University", "url": "https://www.polyu.edu.hk/sft/people/academic-staff/dr-zhou-jinyun/", "appendix": "Academic Staff in School of Fashion and Textiles"},
{"name": "Ms Jackie Leung", "text": "Academic Staff Ms Jackie Leung Instructor Location ST719 Phone +852 2766 6519 mail jac.leung@polyu.edu.hk stream Fashion and Textile Design", "url": "https://www.polyu.edu.hk/sft/people/academic-staff/miss-mei-lai-leung/", "appendix": "Academic Staff in School of Fashion and Textiles"},
{"name": "Ms Nico Liu", "text": "Academic Staff Ms Nico Liu Instructor Location ST727 Phone +852 2766 6434 mail nico.liu@polyu.edu.hk stream Fashion & Textile Design ORCID ID", "url": "https://www.polyu.edu.hk/sft/people/academic-staff/miss-nico-liu-pak-yiu/", "appendix": "Academic Staff in School of Fashion and Textiles"},
{"name": "Ms Amana Wu", "text": "Academic Staff Ms Amana Wu Instructor Location ST718 Phone +852 2766 6447 mail amana.wu@polyu.edu.hk stream Fashion & Textile Design Biography Ms. Amana has 9 years working experience in Hong Kong for local retail brands and knitwear trading companies. She provides strategic knitwear design development and promotion for Japanese fashion brands, UK and US well-known designer brands like Alexander Wang, Proenza Schouler, Rag & Bone etc. before joining ITC. As a seasoned creative professional with years of experience in the fashion industry, Ms. Amana is known for driving business growth for European, American and Asian markets, carrying out extensive design research skills and leading fresh design graduates in tackling design problems. Before starting her career as a knitwear designer, Amana was awarded the 2nd runner up and most popular online voting award of the 3rd Hong Kong Young Knitwear Designers Contest in 2013. Throughout her studies in the UK, she has worked for European designer brands like Alexander McQueen, Christopher Kane Ltd., Giles Deacon and Emilio de la Morena. In 2010, she was awarded Feel the yarn 1st Year Training experience and design award for future knitwear designers by Toscana Promozione in Italy where she gained the experience in communicating with Italian yarn mills. Ms. Amana holds a Master’s degree in Knitwear Fashion from Central Saint Martins College of Art and Design and a first-class Bachelor’s degree in Fashion Design with Knitwear from Central Saint Martins College of Art and Design. Currently, she is an instructor teaching knitwear design, fashion draping and advanced apparel techniques and practice at PolyU. Education and Academic Qualifications Diploma in Professional Studies, University of the Arts London (Central Saint Martins College of Art and Design) Bachelor of Arts, University of the Arts London (Central Saint Martins College of Art and Design) Master of Arts, University of the Arts London (Central Saint Martins College of Arts and Design)", "url": "https://www.polyu.edu.hk/sft/people/academic-staff/ms-amana-wu/", "appendix": "Academic Staff in School of Fashion and Textiles"},
{"name": "Dr Ivonbony Hiu-sen Chan", "text": "Teaching Fellow Location ST726 Phone+ 852 2766 6522 mail ivonbonyhs.chan@polyu.edu.hk Education and Academic Qualifications: Higher Diploma in Fashion and Clothing, The Hong Kong Polytechnic University. Bachelor of Arts in Fashion and Textiles (Fashion and Textile Design), The Hong Kong Polytechnic University. Master of Arts in Fashion and Textile Design, The Hong Kong Polytechnic University. Doctor of Philosophy, The Hong Kong Polytechnic University", "url": "https://www.polyu.edu.hk/sft/people/academic-staff/dr-ivonbony-hiu-sen-chan/", "appendix": "Academic Staff in School of Fashion and Textiles"},
{"name": "Xingxing Zou", "text": "Assistant Professor, School of Fashion and Textiles", "url": "https://research.polyu.edu.hk/en/persons/xingxing-zou", "appendix": "Academic Staff in School of Fashion and Textiles"}]