[
    {
        "name":"Prof. Engle Angela CHAN",
        "text":"Inspired by narrative as both a phenomenon and a research methodology, Angela has embarked on her own narrative journey from Canada to Hong Kong where she is now the Associate Professor/Associate Head of the pre-service education at the Hong Kong Polytechnic University, School of Nursing. She was selected as one of the four distinguished nursing alumni abroad in 2005 from the Faculty of Nursing, University of Toronto, Canada.  She has also served the role as the president for the Pi Iota Chapter, Sigma Theta Tau International Honor Society of Nursing in 2008. Her research focuses on the person/relation-centered care underpinned by caring/human science paradigm that has evolved into an emphasis on effective and caring communication in health care and interprofessional collaborative practice. Her work on communication studies in education and practice has enabled her to work with overseas and local colleagues to improve nursing practice and served as the former Associate Director of the International Research Centre for Communication in Healthcare.  Her work on nursing education has also afforded her the opportunity to develop projects, with international collaborators, on the concept of internationalization at home for a new possibility of student exchange.",
        "url" :"https://www.polyu.edu.hk/sn/people/academic-staff/prof-e-angela-chan/",
        "appendix":"SN"
    },
    {
        "name":"Prof. Angela LEUNG",
        "text":"Angela YM Leung is Professor and Associate Head (Research) of the School of Nursing of Hong Kong Polytechnic University. She was the awardee of the Hartford Geriatric Scholars Program at the Johns Hopkins University in 2014, and Distinguished Geronotological Nursing Educator by National Hartford Centre for Gerontological Nursing Excellence (NHCGNE). She is an active researcher in health literacy and dementia caregiving, with a wide range of publications in international journals. She developed various interventions (photovoice, e-painting mobile app, a sensor-based system for alleviating stress) addressing the issues of depressive symptoms or stress among caregivers for persons with dementia.  She has a strong belief that technology can help people to understand their current health status and make the informed health decision. Her projects were funded by Health and Medical Research Fund, Karolinski Institute (KI) – HK Polytechnic University (KI-PolyU) Collaborative Research Fund, Kamprad Foundation Fund of Sweden, and Hong Kong Jockey Club Charity Trust. She has good network with non-academic partner organizations, such as Hong Kong Housing Society, Astrix, Hong Kong Science and Technology Corporation. Prof. Leung also serves as the Council member of the Hong Kong Association of Gerontology (HKAG), the Committee on Rehabilitation of Hong Kong Society of Rehabilitation (HKSR), and Assessment Panel member on the Innovation and Technology Fund for Application in Elderly and Rehabilitation Care (I&T Fund) of Hong Kong Government. Internationally, Prof. Leung is the President of Asia Health Literacy Association (AHLA) and board member of International Union of Health Promotion and Education (IUHPE) and Director of WHO Collaborating Centre for Community Health Services.",
        "url" :"https://www.polyu.edu.hk/sn/people/academic-staff/prof-angela-leung/",
        "appendix":"SN"
    },
    {
        "name":"Dr Martin CHRISTENSEN",
        "text":"Dr Christensen has been a nurse academic and clinician for over 30 years. His area of clinical and research experience is in intensive care nursing practice and education. He is an accomplished qualitative researcher with expertise in descriptive phenomenology.Dr Christensen's teaching philosophy is focused on enabling and empowering both under-graduate and post-graduate students to become effective caring empathic clinicians and researchers. His skill as a teacher and educator is enabling students to realise their potential and construct new experiences that have meaning for them in a wider context. This is especially true in nursing where some students are unable to integrate what they know with what they see. By making them responsible and take ownership for their learning allows them to grow professionally and personally. Moreover, he believes empowering learning allows students to challenge and be creative critical thinkers. Dr Christensen is opposed to the idea that knowledge wields power. He firmly believes that knowledge especially in nursing should be used to proactively promote patient well-being and person-centred care first and foremost and the ongoing professional development of nursing; in this regard he is particularly attracted to and consciously practices the pneumonic TEAM – ‘together everyone achieves more’ in the way he teaches, undertakes research and supports colleagues.",
        "url" :"https://www.polyu.edu.hk/sn/people/academic-staff/dr-martin-christensen/",
        "appendix":"SN"
    },
    {
        "name":"Prof. Frances WONG",
        "text":"Diploma in Nursing Education, University of LondonBachelor of Science in Nursing, Saint Olaf CollegeMaster of Arts (Education), The Chinese University of Hong KongDoctor of Philosophy, The Chinese University of Hong Kong",
        "url" :"https://www.polyu.edu.hk/sn/people/academic-staff/prof-frances-wong/",
        "appendix":"SN"
    },
    {
        "name":"Prof. Thomas CHOI",
        "text":"Bachelor of Science in Applied Physics, Hong Kong Baptist UniversityMaster of Philosophy, Chinese University of Hong KongDoctor of Philosophy in Computer Science and Engineering, Chinese University of Hong Kong",
        "url" :"https://www.polyu.edu.hk/sn/people/academic-staff/prof-thomas-choi/",
        "appendix":"SN"
    },
    {
        "name":"Prof. Harry QIN",
        "text":"Doctor of Philosophy, The Chinese University of Hong Kong",
        "url" :"https://www.polyu.edu.hk/sn/people/academic-staff/prof-harry-qin/",
        "appendix":"SN"
    },
    {
        "name":"Dr Kin CHEUNG",
        "text":"Diploma in General Nursing, The Hong Kong Government Hospitals' School of General Nursing Master of Nursing, The University of AlbertaDoctor of Philosophy, University of California" ,
        "url" :"https://www.polyu.edu.hk/sn/people/academic-staff/dr-kin-cheung/",
        "appendix":"SN"
    },
    {
        "name":"Dr Daphne CHEUNG",
        "text":"Bachelor of Nursing, The Chinese University of Hong KongMaster of Science in Clinical Gerontology, The Chinese University of Hong KongDoctor of Philosophy, The Hong Kong Polytechnic University",
        "url" :"https://www.polyu.edu.hk/sn/people/academic-staff/dr-daphne-cheung/",
        "appendix":"SN"
    },
    {
        "name":"Dr Eva HO",
        "text":"Dr. Eva Ho is currently an assistant professor at the School of Nursing, the Hong Kong Polytechnic University. She received her BN with 1st class honor in 2009, MPhil in 2013 and Ph.D. in 2017 from the School of Nursing, the University of Hong Kong. Besides, she obtained her Bachelor of Law (LL.B) with 2nd upper honor in 2014 from the University of London. She has a strong research interest in symptom management in children with cancer and those surviving the disease. During her postgraduate studies, she conducted a large-scale randomized controlled trial to investigate the effectiveness of adventure-based training in promoting regular physical activity and reducing fatigue among Hong Kong Chinese childhood cancer survivors. Apart from that, she has conducted a considerable number of studies on sleep impairment among the childhood survivors. In particular, she adapted and validated the Pittsburgh Sleep Quality Index for children and adolescents which is a widely used instrument in assessing sleep quality and disturbances in adults. She also explored the prevalence of sleep impairment among the survivors and examined how sleep impairment, fatigue and depression correlate to from a symptom cluster to affect the survivors’ quality of life. Her another research interest is the addictive behaviors in children and adolescents. She has conducted a number of studies to promote smoking cessation in youth through different interventions, such as an integrated approach of smoking cessation and healthy lifestyle practices, risk communication, motivational interviewing and brief advice based on the AWARD model. She is also recently awarded a Beat Drug Fund to develop a community-based network to identify and refer hidden drug abusers among youth in Hong Kong. She has obtained 30 grants in the capacity of principal investigator or co-investigator. She has also published 71 articles in renowned international peer-reviewed journals, including JAMA Internal Medicine, Scientific Reports, Journal of Adolescent Health, BMC Cancer and Psycho-oncology.  Besides, she is currently serving as an editor for different renowned international peer-reviewed journals, such as BMC Public Health, Health and Quality of Life Outcomes, and Frontiers in Psychiatry. ",
        "url" :"https://www.polyu.edu.hk/sn/people/academic-staff/dr-eva-ho/",
        "appendix":"SN"
    },
    {
        "name":"Dr Grace HO",
        "text":"Post-Masters Forensic Nursing, The Johns Hopkins UniversityDoctor of Philosophy, The Johns Hopkins UniversityBachelor of Science, The Johns Hopkins University",
        "url" :"https://www.polyu.edu.hk/sn/people/academic-staff/dr-grace-ho/",
        "appendix":"SN"
    },
    {
        "name":"Dr Janice HO",
        "text":"Bachelor of Chinese Medicine and Bachelor of Science (Honours) in Biomedical Science, Hong Kong Baptist Universityv",
        "url" :"https://www.polyu.edu.hk/sn/people/academic-staff/dr-janice-ho/",
        "appendix":"SN"
    },
    {
        "name":"Dr Doris Y.P. LEUNG",
        "text":"Doctor of Philosophy, University of California, Los Angeles",
        "url" :"https://www.polyu.edu.hk/sn/people/academic-staff/dr-doris-yp-leung/",
        "appendix":"SN"
    },
    {
        "name":"Dr Sau Fong LEUNG",
        "text":"Psychiatric Nursing Diploma, The Hong Kong Government Hospitals' School of Psychiatric NursingPost-Registration Diploma in Nursing, Hong Kong PolytechnicBachelor of Nursing, The University of SydneyMaster of Science, The Hong Kong Polytechnic UniversityDoctor of Philosophy, The University of Sydney",
        "url" :"https://www.polyu.edu.hk/sn/people/academic-staff/dr-sau-fong-leung/",
        "appendix":"SN"
    },
    {
        "name":"Dr Justina LIU",
        "text":"Diploma, Hong Kong Sanatorium and HospitalBachelor of Nursing, La Trobe UniversityMaster of Science, The Hong Kong Polytechnic UniversityDoctor of Philosophy, The University of Leeds",
        "url" :"https://www.polyu.edu.hk/sn/people/academic-staff/dr-justina-liu/",
        "appendix":"SN"
    },
    {
        "name":"Dr Yim Wah MAK",
        "text":"Bachelor of Health Science (Nursing), The University of Western SydneyMaster of Science in Health Care, The Hong Kong Polytechnic UniversityDoctor of Philosophy, The Hong Kong Polytechnic University",
        "url" :"https://www.polyu.edu.hk/sn/people/academic-staff/dr-yim-wah-mak/",
        "appendix":"SN"
    },
    {
        "name":"Dr Jed MONTAYRE",
        "text":"Jed is an Associate Professor in the School of Nursing and Director of the Centre of Evidence-based Practice for Healthcare Policy. Jed has a strong clinical background in gerontology and medical-surgical nursing.  He is an experienced nurse academic, who has worked in the Philippines, New Zealand and Australia. Jed’s teaching areas include gerontology and aged care nursing. Jed’s research focuses on age-friendly communities, ageing and health, cardiovascular health of migrant populations, nursing policy and workforce issues. Jed developed the curriculum for the  Master of Ageing, Wellbeing and Sustainability course during his time in Australia.Jed’s reputation and expertise in nursing and gerontology research resulted to various professional organisations’ national committee appointments. Jed served as a member of the Nursing Council of New Zealand Registrant and Education Quality Committee. He was also the chairperson of the New Zealand Nurses Organisation (NZNO) Nursing Research Section and was an executive committee member of the New Zealand Association of Gerontology. In Australia, Jed was an executive committee member of Australian Association of Gerontology (AAG)- NSW Chapter and also served as the Deputy Chair of the Healthy Ageing Faculty of the Australian College of Nursing.In September 2016, Jed received the New Zealand Nurses’ Organisation (NZNO)-Young Nurse of the Year Award, a national award that celebrates the exemplary work of nurses in the younger age group. The award recognised his early-career contribution to gerontology nursing and research. In September 2018, Jed  is one of the only 26 nurses selected from applicants all over the world, to participate in the Global Nursing Leadership Institute Policy Programme hosted by International Council of Nurses. In January 2021, Jed was awarded a Policy Program Fellowship by Australian College of Nursing- to undertake a policy project on the role of nurses in end-of-life care for older Australians in aged care settings.Recently, Jed has been awarded ‘Distinguished Educator in Gerontology Nursing’, an international recognition awarded by the prestigious National Hartford Centre in Gerontological Nursing the US, which builds upon the legacy of The John A. Hartford Foundation, which represents the gold standard of excellence in gerontology. The award recognises Jed’s contribution to teaching and undertaking research in gerontology nursing.Jed led an international team for projects commissioned and funded by the World Health Organisation, one project aimed to review community-based age-friendly interventions and programs as part of the WHO and UN Decade of Healthy Ageing 2020-2030 initiative. Jed has written and published several research papers on influence of culture to health, transitions, adjustments and acculturation experience of older immigrants into the mainstream societies. Jed is Deputy Editor-in-Chief of Australasian Journal on Ageing.",
        "url" :"https://www.polyu.edu.hk/sn/people/academic-staff/dr-jed-montayre/",
        "appendix":"SN"
    },
    {
        "name":"Dr Vivian NGAI",
        "text":"Vivian F.W. Ngai is an Associate Professor in the School of Nursing at the Hong Kong Polytechnic University. She is a Registered Midwife and received her Ph.D. in Nursing from the Chinese University of Hong Kong. Her research interest is in the area of perinatal health, with a special focus on postnatal depression. She has conducted extensive research applying evidence-based interventions for the prevention of postnatal depression. Her projects have been funded by the General Research Fund (GRF) and the Health and Medical Research Fund (HMRF) as principal investigator. Her research has made significant contributions to the development of flexible, accessible and culturally sensitive perinatal care to enhance both maternal and paternal well-being. Her current projects focus on couple-based interventions to promote breastfeeding and assist mothers and fathers with healthy parenting. She is looking for Ph.D. students with interest in perinatal health.",
        "url" :"https://www.polyu.edu.hk/sn/people/academic-staff/dr-vivian-ngai/",
        "appendix":"SN"
    },
    {
        "name":"Dr Margaret O’DONOGHUE",
        "text":"Bachelor of Science, National University of IrelandDoctor of Philosophy, National University of Ireland",
        "url" :"https://www.polyu.edu.hk/sn/people/academic-staff/dr-margaret-o-donoghue/",
        "appendix":"SN"
    },
    {
        "name":"Dr Grace XIE",
        "text":"Dr. Grace Xie obtained her Master of Medicine degree from the School of Nursing of the Peking Union Medical College (PUMC) in Beijing; and the PhD degree from the JC School of Public Health and Primary Care of the Chinese University of Hong Kong in Hong Kong. Dr. Xie has been a registered nurse since 2006. Before she came to Hong Kong, she worked in the Department of Nursing of the PUMC Hospital for several years.Dr. Xie has deeply committed to conducting research in complementary and alternative therapies for migraine prophylaxis (e.g., Tai Chi exercise and other TCM approaches) and the etiological relationship between migraine and cardiovascular/cerebrovascular diseases in women. She also has interest in health education and promotion in the community, specializing in development of behavior and lifestyle modifications and implementation of knowledge transferring projects in the community settings by adopting community-based participatory research (CBPR) approach. Currently Dr. Xie has strong interest in AI-empowered/assisted research that integrate deep learning model in exploring the progression of brain function among migraineurs.Dr. Xie has published around 50+ papers in peer reviewed journals with an overall h-index 18 at present (Google scholar). The papers (as first author) were published in some leading academic journals such as JMIR, Journal of the American Heart Association, Journal of Clinical Epidemiology, and Frontiers in Public Health. Dr. Xie was invited as the guest editor of the BioMed Research International, the Healthcare and the Frontiers of Psychology. Dr. Xie has gained 24 research grants with total amount of HK$ 10,000,000+ as Principal Investigator and HK$ 30,000,000+ as co-investigator from several external competitive funding bodies such as GRF, ECS and HMRF. She has established a largest Hong Kong women cohort (4200+ subjects) supported by the ECS since 2019. Currently she is implementing a large-scale cluster-RCT with 24 NGOs/schools/companies that funded by the HMRF for promoting COVID-19 vaccination in the community.",
        "url" :"https://www.polyu.edu.hk/sn/people/academic-staff/dr-grace-xie/",
        "appendix":"SN"
    },
    {
        "name":"Dr Lin YANG",
        "text":"Bachelor of Medicine, Peking UniversityMaster of Science, The Ohio State UniversityMaster of Applied Statistics, The Ohio State UniversityDoctor of Philosophy, The University of Hong Kong",
        "url" :"https://www.polyu.edu.hk/sn/people/academic-staff/dr-lin-yang/",
        "appendix":"SN"
    },
    {
        "name":"Dr Jerry YEUNG",
        "text":"Dr. Yeung obtained his Bachelor in Chinese Medicine and Bachelor of Biomedical Science (Hons) at the Hong Kong Baptist University and registered as a Chinese Medicine Practitioner in 2004. He left the Chinese Medicine Clinics of Hong Kong Baptist University and pursued research training in the Department of Psychiatry at the University of Hong Kong in 2005. He was conferred a Ph.D. degree in 2010 and worked as a post-doctoral fellow in the same year. In 2014, he joined the School of Chinese Medicine at the University of Hong Kong as a Research Assistant Professor. Dr. Yeung is now an Associate Professor at the School of Nursing, The Hong Kong Polytechnic University.  Dr. Yeung’s research focuses on evaluating traditional Chinese medicine interventions for sleep and mood disorders using randomized controlled trials and systematic reviews. In addition, he has been focusing on using acupuncture, acupressure, and other self-help interventions for symptom management.Dr. Yeung is now leading several projects that provide opportunities for postgraduate research studies. If you are determined to pursue Ph.D. studies, you may contact Dr. Yeung to discuss the possibility.",
        "url" :"https://www.polyu.edu.hk/sn/people/academic-staff/dr-jerry-yeung/",
        "appendix":"SN"
    },
    {
        "name":"Dr John YUEN",
        "text":"Higher Diploma in Biomedical Science, The Hong Kong Polytechnic University Bachelor of Science in Biomedical Science, The Hong Kong Polytechnic UniversityDoctor of Philosophy, The Hong Kong Polytechnic University",
        "url" :"https://www.polyu.edu.hk/sn/people/academic-staff/dr-john-yuen/",
        "appendix":"SN"
    },
    {
        "name":"Dr Yan LI",
        "text":"Yan is an Assistant Professor at the School of Nursing, the Hong Kong Polytechnic University. She completed her postdoctoral training at Florence Nightingale Faculty of Nursing, Midwifery, and Palliative care, King's College London, United Kingdom from 2019-2020. Dr Li is a registered nurse with over 10 years of experience, and she is an active nurse researcher. Her research interest is spinal cord injury rehabilitation, psychosocial interventions, and mental health promotion. Her work was supported by Prof Ida Martinson Fund and King’s College London Global Research Grant. She has recently been awarded the Hong Kong Government Health and Medical Research Fund Research Fellowship to continue her research work and contribution towards local service innovation and research development in the area of mental health within spinal cord injury community rehabilitation. Dr Li has published over 30 peer-reviewed journal articles and she has served as a reviewer for the Journal of Nursing Scholarship, Disability and Rehabilitation, International Journal of Interprofessional Care, BMC geriatrics, Spinal Cord and Journal of Spine surgery. Dr Li has been mentor for postdoctoral research fellow, PhD students and Mphil students, research assistants. Dr Li has established the Digital Mental Health Research Group in the school https://polyuly.github.io/",
        "url" :"https://www.polyu.edu.hk/sn/people/academic-staff/dr-yan-li/",
        "appendix":"SN"
    },
    {
        "name":"Dr Eileen CHENG",
        "text":"Bachelor of Arts in Medicine, Nanchang UniversityDoctor of Philosophy, The Chinese University of Hong Kong",
        "url" :"https://www.polyu.edu.hk/sn/people/academic-staff/dr-eileen-cheng/",
        "appendix":"SN"
    },
    {
        "name":"Dr Teris CHEUNG",
        "text":"Doctor of Philosophy, The University of Hong Kong",
        "url" :"https://www.polyu.edu.hk/sn/people/academic-staff/dr-teris-cheung/",
        "appendix":"SN"
    },
    {
        "name":"Dr Joyce CHUNG",
        "text":"",
        "url" :"https://www.polyu.edu.hk/sn/people/academic-staff/dr-joyce-chung/",
        "appendix":"SN"
    },
    {
        "name":"Dr Vivian HUI",
        "text":"Dr. Vivian Hui is currently an assistant professor at the School of Nursing, the Hong Kong Polytechnic University, and an adjunct faculty at the School of Nursing, University of Pittsburgh, USA. Her research interests intersect health technology innovation, domestic violence, and nursing informatics. Dr. Hui mainly focuses on domestic violence (DV) research by computational/ informatics techniques on digital text-based data. In her postgraduate study, she leveraged natural language processing (NLP) techniques such as Latent Dirichlet Allocation (LDA) topic modeling, sentiment analysis, network analysis, and linguistic inquiry word count (LIWC) to explore the information, emotional needs, and help-seeking behaviors among women with DV experiences from online health communities. In addition, she has also been collaborating in multiple machine learning projects to build healthcare recommender systems, persona structure, and model evaluation metrics by offering clinical and informatics insight to adapt a wide spectrum of needs among women with traumatic experiences. She also evaluated technology adoption and explored how health technology has improved the Person Engagement Index (PEI) in clinical settings. Dr. Hui was awarded a fellowship in the GetWellNetwork (i.e., a health technology company based in Washington DC, USA) in 2019, received a scholar award from the Academy of Violence and Abuse (AVA) in 2021, and was recently awarded the LEAD Early Career Award at the American Medical Informatics Association (AMIA) Informatics Summit 2023 in Seattle, United States. She has been appointed as a committee member to oversee non-communicable disease prevention in Health Bureau in HKSAR from 2018-2024.In terms of teaching, Dr. Hui teaches the undergraduate course SN 2331 Information, communications, and technology in Nursing, and she developed a new course for Artificial Intelligence and Data Analytics in Nursing, which will be implemented in 2024/2025.Dr. Hui is currently accepting Ph.D. students to mentor. If interested, please kindly send your CV through email and indicate your research interest. ",
        "url" :"https://www.polyu.edu.hk/sn/people/academic-staff/dr-vivian-hui/",
        "appendix":"SN"
    },
    {
        "name":"Dr Patrick KOR",
        "text":"Post-registration Certificate in Intensive Care Nursing, Institute of Advanced Nursing StudiesBachelor of Nursing, The Chinese University of Hong KongMaster of Science, The Chinese University of Hong KongDoctor of Philosophy, The Hong Kong Polytechnic University",
        "url" :"https://www.polyu.edu.hk/sn/people/academic-staff/dr-patrick-kor/",
        "appendix":"SN"
    },
    {
        "name":"Dr Winsome LAM",
        "text":"Dr. Winsome LAM is an Assistant Professor in the School of Nursing, The Hong Kong Polytechnic University. She is the subject lecturer in both undergraduate and master program related to Community Health Nursing. Winsome has special research interests in health promotion to child and family, and parent-child responsive interaction in health practice. Her current research studies focus on pediatric palliative service, health technology application, parental support in symptom management for children with medical complexity including cancer and non- cancer case.She obtained several external competitive grants i.e. General Research Fund (PI) in 2022, Scientific Research Project of Shenzhen Science and Technology Innovation Commission (PI) in 2020, and HMRF (co-I) in 2021 and General Research Fund (co-I) in 2018.  She has been Invited as the reviewer since 2016 by different international peer-reviewed journals with high impact factor i.e. Journal of Advanced Nursing, Journal of Clinical Nursing, Journal of Child Health Care, Qualitative Health Research, BMC Italian Journal of Pediatric, Child and Youth Service Review, Journal of Family Issues, Health and Social Care in Community etc. ",
        "url" :"https://www.polyu.edu.hk/sn/people/academic-staff/dr-winsome-lam/",
        "appendix":"SN"
    },
    {
        "name":"Dr Stefanos TYROVOLAS",
        "text":"Postgraduate Diploma, Harokopio UniversityBachelor of Science, Harokopio UniversityDoctor of Philosophy, Harokopio University",
        "url" :"polyu.edu.hk/sn/people/academic-staff/dr-stefanos-tyrovolas/",
        "appendix":"SN"
    },
    {
        "name":"Dr Arkers WONG",
        "text":"Dr. Arkers Wong is an Assistant Professor in the School of Nursing at the Hong Kong Polytechnic University, where he has been recognized for his extensive experience in nursing education, and research. He has received numerous awards for his teaching and research, including the QS Stars-Wharton Reimagine Education Awards, Faculty Team Award for Outstanding Performance in Teaching, the School of Nursing Teaching Prize (Individual), Faculty Distinguished Thesis Award, and Best Research Paper Award.Dr. Wong is an active board member of the Hong Kong College of Education and Research in Nursing (HKCERN), Hong Kong Jockey Club Innovative Learning Centre for Medicine (HKJCILCM), Pi Lota Chapter, and Nursing Council of Hong Kong. He has also secured more than HKD$30,000,000 of external funding as a principal investigator, from sources such as Li Ka Shing Foundation Fund, Health and Medical Research Fund, Chinese Medicine development Fund, Health and Medical Research Fellowship, and The Social Innovation and Entrepreneurship Development Fund, The Government of HKSAR.Dr. Wong's research interests include telehealth, mobile health (mHealth), primary health care, self-care, and health promotion and prevention. He has published numerous articles in high impact factor journals, including Age and Ageing (IF: 12.782) and JAMA network (IF: 13.37). Additionally, he serves as a Guest Editor of the Journal of Advanced Nursing (IF: 3.057), an Academic Editor of PLOS ONE (IF: 3.752), a Topic Editor of Frontiers in Psychiatry (IF: 4.687), and a reviewer for many journals in nursing, healthcare, and multidisciplinary fields.Dr. Wong's research findings have been featured in over 35 local and international media outlets, including the South China Morning Post, the Standard, Television Broadcasts Limited (TVB), Now TV, Radio Television Hong Kong (RTHK), China Central Television (CCTV), and China Times.In addition to his academic and research accomplishments, Dr. Wong is also an Advanced Practice Nurse (APN) and a Fellow of the Higher Education Academy (FHEA) and the Hong Kong Academy of Nursing. These designations reflect his commitment to advancing the nursing profession and promoting excellence in nursing education and practice. Dr. Wong's expertise as an APN and his dedication to nursing education and research have contributed significantly to the development of nursing practice and education in Hong Kong and beyond.At the Hong Kong Polytechnic University, Dr. Wong is involved in various committees and initiatives, including the School Research Committee (SRC), Research Activity Exercise (RAE) working group, Departmental Staffing Committee (DSC), School Health, Safety, and Environmental Committee (SHSEC), Strategic Plan Initiatives Selection panel, School of Design Board, and Student Academic Advisor. He also serves as a specialty coordinator for MSc in Nursing, an overseas eschange coordinator deputy, and a mentor for the PolyU Junior Research Mentoring Programme and is currently accepting postdoctoral fellow students and Ph.D. students to mentor. Interested individuals are invited to send their CV and research interests via email.",
        "url" :"https://www.polyu.edu.hk/sn/people/academic-staff/dr-arkers-wong/",
        "appendix":"SN"
    },
    {
        "name":"Dr Katherine LAM",
        "text":"Dr. Katherine Lam is a Research Assistant Professor at the School of Nursing, the Hong Kong Polytechnic University. Dr Lam is also registered nurse in Hong Kong and obtained her BNurs (1st Hons) in 2011, MPhil in 2014 and PhD in 2018.  During her study, she was awarded ‘University Postgraduate Fellowships (UPF)’.Dr. Lam holds a strong research interest in the field of children and adolescents especially among the cancer population. She has examined the impact of cancer and its treatment on physical activity levels and quality of life among young Hong Kong Chinese cancer patients. Also, she explored the factors contributing to the low physical activity level for Hong Kong Chinese children hospitalised with cancer. With the identified factors, she and her research team has developed an integrated experiential training program to promote physical activity among young cancer patients.  She has conducted the first randomized controlled trial investigating the effectiveness of the integrated experiential training program with coaching by nursing students to promote physical activity, and reduce fatigue among children with cancer. The findings provide significant evidence for building long-term multidisciplinary partnerships between tertiary institutions and healthcare professionals. She has also been involved in carrying studies relating to various symptom control including validating sleep quality tools and conducting systematic reviews on nausea and vomiting.Dr. Lam is also interested in conducting researches on addictive behaviors including drug abuse and smoking among children and adolescents. She is actively promoting anti-drug and smoking cessation messages in the communities through researches and health promotional activities. In particular, the anti-drug messages will be promoted by training children and adolescents as ambassadors to identify and refer hidden drug abusers.",
        "url" :"https://www.polyu.edu.hk/sn/people/academic-staff/dr-katherine-lam/",
        "appendix":"SN"
    },
    {
        "name":"Dr Jingjing SU",
        "text":"",
        "url" :"https://www.polyu.edu.hk/sn/people/academic-staff/dr-jingjing-su/",
        "appendix":"SN"
    },
    {
        "name":"Dr Shanshan WANG",
        "text":"Dr. Shanshan Wang is a Research Assistant Professor at the School of Nursing, The Hong Kong Polytechnic University. She is a registered nurse and nursing researcher. Dr. Wang was the awardee of the RGC-Fulbright Hong Kong Research Scholar Award, which supported her in studying at Johns Hopkins University from 2019 to 2020. Her research area is gerontological nursing, dementia care, evidence-based practice, bibliotherapy, and self-help intervention. She is passionate about using evidence-based interventions to promote the well-being of older adults, especially those with cognitive impairment, and their informal caregivers. Dr. Wang serves as an editorial board member of BMC Nursing and a reviewer for several peer-reviewed journals, such as International Journal of Nursing Studies, Journal of Aging and Health, Frontiers in Psychiatry, BMC Geriatrics, and Nursing Open.",
        "url" :"https://www.polyu.edu.hk/sn/people/academic-staff/dr-shanshan-wang/",
        "appendix":"SN"
    },
    {
        "name":"Dr Yan Ivy ZHAO",
        "text":"Dr Ivy Yan Zhao's background is gerontological nursing and health promotion. She is particularly interested in mental health and cognitive impairment of older people, using digital and robotic-mediated interventions to improve heathy ageing.",
        "url" :"https://www.polyu.edu.hk/sn/people/academic-staff/dr-yan-ivy-zhao/",
        "appendix":"SN"
    },
    {
        "name":"Dr Sunshine CHAN",
        "text":"Post-Registration Diploma in Nursing, Hong Kong PolytechnicMaster of Science in Nursing Education, The University of EdinburghDoctor of Health Science, The Hong Kong Polytechnic University",
        "url" :"https://www.polyu.edu.hk/sn/people/academic-staff/dr-sunshine-chan/",
        "appendix":"SN"
    },
    {
        "name":"Mr Timothy LAI",
        "text":"Bachelor of Science in Clinical Nursing, The Hong Kong Polytechnic UniversityMaster of Science in Nursing, The Hong Kong Polytechnic University",
        "url" :"https://www.polyu.edu.hk/sn/people/academic-staff/mr-timothy-lai/",
        "appendix":"SN"
    },
    {
        "name":"Mr Ricky LAU",
        "text":"Bachelor of Science in Nursing, The Hong Kong Polytechnic UniversityBachelor of Science in Nursing, The Hong Kong Polytechnic UniversityMaster of Social Science, City University of Hong KongMaster of Business Administration(Health Service Management), University of Ballarat",
        "url" :"https://www.polyu.edu.hk/sn/people/academic-staff/mr-ricky-lau/",
        "appendix":"SN"
    },
    {
        "name":"Mr Kevin LEUNG",
        "text":"Post-registration Certificate in Orthopaedic Nursing, Institute of Advanced Nursing StudiesAssociate Diploma In Health Services Management, Open University of Hong KongBachelor of Nursing, The Chinese University of Hong KongMaster of Nursing, The Chinese University of Hong Kong",
        "url" :"https://www.polyu.edu.hk/sn/people/academic-staff/mr-kevin-leung/",
        "appendix":"SN"
    },
    {
        "name":"Ms Joyce TANG",
        "text":"achelor of Nursing, University of BallaratMaster of Social Sciences, The University of Hong KongMaster in Counselling, Monash University",
        "url" :"https://www.polyu.edu.hk/sn/people/academic-staff/ms-joyce-tang/",
        "appendix":"SN"
    },
    {
        "name":"https://www.polyu.edu.hk/sn/people/academic-staff/ms-joyce-tang/",
        "text":"Diploma in General Nursing, The Hong Kong Government Hospitals' School of General NursingBachelor of Nursing, La Trobe UniversityMaster of Science, The Hong Kong Polytechnic UniversityMaster of Public Health, The University of New South Wales",
        "url" :"https://www.polyu.edu.hk/sn/people/academic-staff/mr-edmond-tong/",
        "appendix":"SN"
    },
    {
        "name":"Dr Kitty CHAN",
        "text":"Renal Nursing Certificate, The Hong Kong Kidney Foundation Ltd.Certificate for Continuing Nursing Education Course in Intensive Care Nursing, The Hong Kong Hospital Services DepartmentBachelor of Health Science, Australian Catholic UniversityDoctor of Philosophy, University of BathAdvanced Practice Nurse (Education and Research in Nursing)Fellow of the Higher Education Academy (FHEA)",
        "url" :"https://www.polyu.edu.hk/sn/people/academic-staff/dr-kitty-chan/",
        "appendix":"SN"
    },
    {
        "name":"Dr Sukki HO",
        "text":"",
        "url" :"https://www.polyu.edu.hk/sn/people/academic-staff/dr-sukki-ho/",
        "appendix":"SN"
    },
    {
        "name":"Dr Sijian LI",
        "text":"",
        "url" :"https://www.polyu.edu.hk/sn/people/academic-staff/dr-sijian-li/",
        "appendix":"SN"
    },
    {
        "name":"Dr Cynthia WU",
        "text":"Bachelor of Applied Science(Nursing), Curtin University of TechnologyMaster of Health Administration, The University of New South WalesDoctor of Philosophy, The Hong Kong Polytechnic University",
        "url" :"https://www.polyu.edu.hk/sn/people/academic-staff/dr-cynthia-wu/",
        "appendix":"SN"
    },
    {
        "name":"Ms Kitty WONG",
        "text":"Post-registration Certificate in First Line Nursing Management, The Hong Kong Polytechnic UniversityMaster of Science, The Chinese University of Hong KongPost-registration Certificate, Institute of Advanced Nursing Studies, Hospital AuthorityPost-experience Diploma, The Hong Kong Polytechnic UniversityvBachelor of Nursing, The Chinese University of Hong Kong",
        "url" :"https://www.polyu.edu.hk/sn/people/academic-staff/ms-kitty-wong/",
        "appendix":"SN"
    },
    {
        "name":"Ms Bessie CHAN",
        "text":"Bachelor of Nursing, The Chinese University of Hong KongMaster of Nursing, The Chinese University of Hong Kong",
        "url" :"https://www.polyu.edu.hk/sn/people/academic-staff/ms-bessie-chan/",
        "appendix":"SN"
    },
    {
        "name":"Ms Esther CHAN  ",
        "text":"Higher Diploma in Nursing, The Hong Kong Polytechnic UniversityBachelor of Science in Nursing, The Hong Kong Polytechnic UniversityMaster of Nursing (Critical Care), Monash University",
        "url" :"https://www.polyu.edu.hk/sn/people/academic-staff/ms-esther-chan/",
        "appendix":"SN"
    },
    {
        "name":"Mr Frankie CHAN",
        "text":"Postgraduate Diploma in Psychiatric/Mental Health Nursing, The Chinese University of Hong KongBachelor of Health Science, The University of Western SydneyMaster of Science in Management (Health Services Management), The Hong Kong Polytechnic University",
        "url" :"https://www.polyu.edu.hk/sn/people/academic-staff/mr-frankie-chan/",
        "appendix":"SN"
    },
    {
        "name":"Ms Wai-shan CHAN",
        "text":"Bachelor of Science in Nursing, The Hong Kong Polytechnic UniversityMaster of Science in Health Care, The Hong Kong Polytechnic University",
        "url" :"https://www.polyu.edu.hk/sn/people/academic-staff/ms-wai-shan-chan/",
        "appendix":"SN"
    },
    {
        "name":"Ms Elaine CHEUNG",
        "text":"Bachelor of Nursing, The Chinese University of Hong KongMaster of Nursing, The Chinese University of Hong Kong",
        "url" :"https://www.polyu.edu.hk/sn/people/academic-staff/ms-elaine-cheung/",
        "appendix":"SN"
    },
    {
        "name":"Ms Frankie CHEUNG",
        "text":"Bachelor of Nursing, The University of Hong KongMaster of Nursing, The University of Hong Kong",
        "url" :"https://www.polyu.edu.hk/sn/people/academic-staff/ms-frankie-cheung/",
        "appendix":"SN"
    },
    {
        "name":"Mr Jeff FUNG",
        "text":"Bachelor of Science in Nursing, The Hong Kong Polytechnic UniversityMaster of Science in Nursing, The Hong Kong Polytechnic University",
        "url" :"https://www.polyu.edu.hk/sn/people/academic-staff/mr-jeff-fung/",
        "appendix":"SN"
    },
    {
        "name":"Mr Keith FUNG",
        "text":"Diploma in Epidemiology and Applied Statistics, The Chinese University of Hong KongPostgraduate Diploma in Nursing, The Chinese University of Hong KongBachelor of Health Science, University of Western SydneyMaster of Philosophy, The Hong Kong Polytechnic University",
        "url" :"https://www.polyu.edu.hk/sn/people/academic-staff/mr-keith-fung/",
        "appendix":"SN"
    },
    {
        "name":"Mr Franky HA",
        "text":"Post-registration Certificate Course in Haematological and Bone Marrow Transplant Nursing, The Institute of Advanced Nursing StudiesNursing Specialty Mentor, The Institute of Advanced Nursing StudiesBachelor of Nursing, The University of Hong KongMaster of Science in Nursing, The Hong Kong Polytechnic University",
        "url" :"https://www.polyu.edu.hk/sn/people/academic-staff/mr-franky-ha/",
        "appendix":"SN"
    },
    {
        "name":"Ms Jacqueline MC HO",
        "text":"The Post-registration Certificate Course in Paediatric Intensive Care Nursing, Hospital Authority and Institute of Advanced Nursing StudiesCertificate in Renal Nursing, The University of Hong Kong (School of Professional and Continuing Education)Diploma in General Nursing, Hospital AuthorityBachelor of Science, Oxford Brookes UniversityMaster of Science in Management in Health Care, Oxford Brookes University",
        "url" :"https://www.polyu.edu.hk/sn/people/academic-staff/ms-jacqueline-ho/",
        "appendix":"SN"
    },
    {
        "name":"Dr Lily HO",
        "text":"",
        "url" :"https://www.polyu.edu.hk/sn/people/academic-staff/dr-lily-ho/",
        "appendix":"SN"
    },
    {
        "name":"Mr Michael HO",
        "text":"",
        "url" :"https://www.polyu.edu.hk/sn/people/academic-staff/mr-michael-ho/",
        "appendix":"SN"
    },
    {
        "name":"Dr Tommy HUNG",
        "text":"Doctor of Philosophy, The Hong Kong Polytechnic University",
        "url" :"https://www.polyu.edu.hk/sn/people/academic-staff/dr-tommy-hung/",
        "appendix":"SN"
    },
    {
        "name":"Ms Evangeline LAM",
        "text":"Post-Registration Diploma in Midwifery, Hospital AuthorityBachelor of Science in Nursing, The Hong Kong Polytechnic UniversityMaster of Public Health, The Chinese University of Hong Kong",
        "url" :"https://www.polyu.edu.hk/sn/people/academic-staff/ms-evangeline-lam/",
        "appendix":"SN"
    },
    {
        "name":"Mr William LAM",
        "text":"iploma in General Nursing, Hospital AuthorityBachelor of Nursing, La Trobe UniversityMaster of Advanced Nursing, Monash University",
        "url" :"https://www.polyu.edu.hk/sn/people/academic-staff/mr-william-lam/",
        "appendix":"SN"
    },
    {
        "name":"Dr Shirley LO",
        "text":"Shirley o is a Clinical Associate in the School of Nursing, The Hong Kong Polytechnic University.  She obtained her Bachelor's degree in Laws from the University of London, and her Ph.D from the University of Sheffield.  She has practiced nursing in Hong Kong and Canada.  Her research interests focus primarily on the various aspects of gerontological care, in particularly, issues related to elder abuse. She has published a book chapter, and journal papers internationally and locally.  Along her line of work and service, she collaborates with practitioners and scholars, both locally and globally, from various health and health-related disciplines.  ",
        "url" :"https://www.polyu.edu.hk/sn/people/academic-staff/dr-shirley-lo/",
        "appendix":"SN"
    },
    {
        "name":"Mr Dennis MA",
        "text":"",
        "url" :"https://www.polyu.edu.hk/sn/people/academic-staff/mr-dennis-ma/",
        "appendix":"SN"
    },
    {
        "name":"Ms Tammy TSE",
        "text":"",
        "url" :"https://www.polyu.edu.hk/sn/people/academic-staff/miss-tammy-tse/",
        "appendix":"SN"
    },
    {
        "name":"Mr Hon Fat WONG",
        "text":"",
        "url" :"https://www.polyu.edu.hk/sn/people/academic-staff/mr-hon-fat-wong/",
        "appendix":"SN"
    },
    {
        "name":"Ms Ivy WONG",
        "text":"",
        "url" :"https://www.polyu.edu.hk/sn/people/academic-staff/ms-ivy-wong/",
        "appendix":"SN"
    },
    {
        "name":"Dr Katherine CHANG",
        "text":"Graduate Diploma in Advanced Nursing, The Chinese University of Hong KongDiploma in General Nursing, The Hong Kong Hospital Services DepartmentBachelor of Health Science, University of Western SydneyMaster of Science, The Hong Kong Polytechnic UniversityDoctor of Philosophy, The Hong Kong Polytechnic University",
        "url" :"https://www.polyu.edu.hk/sn/people/academic-staff/dr-katherine-chang/",
        "appendix":"SN"
    },
    {
        "name":"Dr Betty CHUNG",
        "text":"Diploma in General Nursing, The Hong Kong Services DepartmentBachelor of Nursing, The University of SydneyMaster of Nursing, The University of SydneyDoctor of Health Sciences, The University of Sydney",
        "url" :"https://www.polyu.edu.hk/sn/people/academic-staff/dr-betty-chung/",
        "appendix":"SN"
    },
    {
        "name":"Dr Winnie NG",
        "text":"",
        "url" :"https://www.polyu.edu.hk/sn/people/academic-staff/dr-winnie-ng/",
        "appendix":"SN"
    },
    {
        "name":"Ms Odile THIANG",
        "text":"",
        "url" :"https://www.polyu.edu.hk/sn/people/academic-staff/ms-odile-thiang/",
        "appendix":"SN"
    },
    {
        "name":"Ms Cordelia KWOK",
        "text":"",
        "url" :"https://www.polyu.edu.hk/sn/people/academic-staff/ms-cordelia-kwok/",
        "appendix":"SN"
    },
    {
        "name":"Ms Fionca TSE",
        "text":"",
        "url" :"https://www.polyu.edu.hk/sn/people/academic-staff/ms-fionca-tse/",
        "appendix":"SN"
    },
    {
        "name":"Mr Harry CHAN",
        "text":"Bachelor of Nursing, The University of Hong Kong",
        "url" :"https://www.polyu.edu.hk/sn/people/academic-staff/mr-harry-chan/",
        "appendix":"SN"
    },
    {
        "name":"Ms Sophia CHOW",
        "text":"Bachelor of Health Science, The University of Western Sydney",
        "url" :"https://www.polyu.edu.hk/sn/people/academic-staff/ms-sophia-chow/",
        "appendix":"SN"
    },
    {
        "name":"Miss Ka Yan KO",
        "text":"",
        "url" :"https://www.polyu.edu.hk/sn/people/academic-staff/miss-ka-yan-ko/",
        "appendix":"SN"
    },
    {
        "name":"Miss Wendy LEE",
        "text":"Certificate in Chinese Medical for Medical and Healthcare Professionals, The University of Hong Kong (School of Professional and Continuing Education)Professional Diploma in Health Counselling, Kong Baptist University (School of Continuing Education Hong)",
        "url" :"https://www.polyu.edu.hk/sn/people/academic-staff/miss-wendy-lee/",
        "appendix":"SN"
    }
]