[
    {
        "name":"Prof. KEE Chea-su",
        "text":"Prof. Kee is a Professor teaching Optometry subjects related to clinical and ophthalmic dispensing at the School of Optometry, The Hong Kong Polytechnic University. He received his Bachelor degree in Optometry from the Hong Kong Polytechnic University. He later obtained his Masters and PhD degrees from the City College of New York and University of Houston, respectively. Before returning to Hong Kong, Prof. Kee was an Assistant Professor in Physiological Optics at the New England College of Optometry in Boston, Massachusetts, USA.",
        "url" :"https://www.polyu.edu.hk/so/people/academic-staff/chea-su-kee/",
        "appendix":"SO"
    },
    {
        "name":"Prof. Andrew LAM",
        "text":"Dr Andrew Lam graduated from the then Hong Kong Polytechnic with a Professional Diploma in Optometry. After working in a private optometric practice for two years, he returned to the then Hong Kong Polytechnic working as a Research Assistant and later obtained his Masters and PhD degrees from the Department of Optometry, University of Bradford, in the UK. He is now the Programme Leader of the Bachelor of Science in Optometry Programme at the School of Optometry, PolyU. He was a recipient of the Department's Teaching Excellence Award in 2002 and also 2008.Dr Lam is a Fellow of the American Academy of Optometry. He is Chairperson of the Preliminary Investigation Committee and the Registration Committee of the Optometrists Board of Hong Kong. He has also served as Chairperson in various Committees of the Optometrists Board of Hong Kong, including Education Committee and Examination Committee. He was Treasurer of the Hong Kong Society of Professional Optometrists from 1993 to 1998.",
        "url" :"https://www.polyu.edu.hk/so/people/academic-staff/andrew-lam/",
        "appendix":"SO"
    },
    {
        "name":"Dr Thomas LAM",
        "text":"Dr Thomas Lam completed his undergraduate training with first-class honours in Optometry from PolyU. He was awarded a PhD scholarship to pursue his study on proteomics and animal myopia. He is among the first to pursue global retinal protein profiling and novel protein regulations in the chick myopia model using a mass spectrometry approach. Dr Lam started his academic career in 2008 as a Lecturer in the School of Optometry in PolyU and obtained his first competitive research grant from the RGC in the following year. In 2010, he relocated to Singapore and helped establish the first BSc Optometry degree programme offered by the University of Manchester (UK). He returned to Hong Kong in 2012 and he is currently an Associate Professor & Associate Head of the School of Optometry and serves as Director of PolyU Shenzhen centralized animal facility and Associate Director of PolyU centralized animal facility. Dr Lam has a good mix of academic and clinical experience. He obtained his fellowship of the American Academy of Optometry (FAAO) in 2009. He has more than 15 years experience in clinical supervision in various optometry clinics locally and overseas. He also actively serves in the profession as an editorial board member of international journals, an organizing committee member of international conferences, a councilor of The Hong Kong Society of Professional Optometrists (HKSPO), and a member of The Optometrists Board of Hong Kong, The Government of the Hong Kong Special Administrative Region. He is currently a PI of Centre for Eye and Vision Research (CEVR), HK Science Park, Research Centre for SHARP Vision, PolyU, Research Centre for Chinese Medicine Innovation (RCMI), PolyU and Shenzhen Research Institute, PolyU. ",
        "url" :"https://www.polyu.edu.hk/so/people/academic-staff/thomas-lam/",
        "appendix":"SO"
    },
    {
        "name":"Prof. LIN Bin",
        "text":"Prof. Bin Lin received his PhD degree in visual neuroscience from The University of Sydney in 2002. After graduation, Prof. Lin moved to the United States and received postdoctoral training at Harvard Medical School and Howard Hughes Medical Institute (HHMI), associated with the laboratory of Professor Richard Masland, and was promoted to Instructor a few years later. In the fall of 2009, Prof. Lin moved to Hong Kong and took an Assistant Professor position at The University of Hong Kong. He joined the School of Optometry of The Hong Kong Polytechnic University as an Associate Professor in 2016 and promoted to a Professor in 2022.",
        "url" :"https://www.polyu.edu.hk/so/people/academic-staff/bin-lin/",
        "appendix":"SO"
    },
    {
        "name":"Prof. George WOO",
        "text":"Professor George Woo received his Doctor of Optometry (OD) degree from the University of Waterloo in Canada. He obtained his MSc and PhD degrees in physiological optics from Indiana University in the U.S. He is a Fellow and a Diplomate in Low Vision of the American Academy of Optometry.After graduating and completing the licensing requirements for practice in 1964, he became an optometrist with the Canadian Red Cross Society before moving to Indiana University to undertake graduate studies and various teaching and research posts. In 1970, he joined the University of Waterloo as a faculty member, rising to full Professor in 1980. During his tenure at Waterloo from 1970 until his retirement as Professor Emeritus in 1996, he took up many visiting and consulting appointments at several institutions, including the University of Melbourne in Australia, Pennsylvania College of Optometry in the U.S., and the University of Cambridge in the U.K.From 1987 to 1989, he was the founding Head and Professor of the Department of Diagnostic Sciences of the then Hong Kong Polytechnic. In January 1997, Professor Woo was appointed Chair Professor of Optometry and Dean of the Faculty of Health and Social Sciences of The Hong Kong Polytechnic University. He became Associate Dean and CEO of PolyVision after deciding to relinquish the deanship after eight years, but resumed the position on 1 August 2008 until his retirement from the University as of 30 June 2011. He has been approved as Professor Emeritus by the University beginning 1 July 2011. He is also Honorary Professor at China’s Sun Yat-sen University, Tianjin Medical University and Wenzhou Medical University.Professor Woo has served on numerous local and international optometry, health and research committees. He is Past President of the World Council of Optometry and the Asia Pacific Council of Optometry, and President of the Hong Kong Contact Lens Research Association. He is currently the Chief Administration Officer of the Asia Pacific Council of Optometry. He served as a board member of the Hospital Authority of Hong Kong from 2008 to 2011.",
        "url" :"https://www.polyu.edu.hk/so/people/academic-staff/george-woo/",
        "appendix":"SO"
    },
    {
        "name":"Prof. Maurice YAP",
        "text":"Professor Maurice Yap completed his BSc and PhD degrees at the University of Bradford, UK. After postdoctoral studies, he joined the Hong Kong Polytechnic in 1987. From 1991-8, he served as senior lecturer in the Department of Optometry and Vision Science at the University of Auckland. He returned to the Hong Kong Polytechnic University in 1998 as Professor and was promoted to Chair Professor of Optometry in 2003. He was the K.B. Woo Family Professor in Optometry until his retirement in 2022.Professor Yap was a member of the Hospital Authority Board from 2011-8 and served on several of its functional committees, including the Executive Committee. He chaired the Main Tender Board (2012-8) and the Medical Services Development Committee (2013-8) . He has served on numerous appointment panels for senior management staff and chaired panels reviewing clinical governance and sentinel & serious untoward events policy. He served as a member of the Hospital Governing Committee of Grantham Hospital (2013-17), the Hong Kong Children’s Hospital (2018-20) and chaired the Hospital Governing Committee of Shatin Hospital (2017-23).Professor Yap has served on various committees and panels of the Food and Health Bureau of the HKSAR Government and currently serves on the Grant Review Board of the Health & Medical Research Fund. He has also served on programme accreditation and review panels for the Nursing Council (HKSAR), the Optometry Council of Australia and New Zealand and the Open University of Hong Kong.        ",
        "url" :"https://www.polyu.edu.hk/so/people/academic-staff/maurice-yap/",
        "appendix":"SO"
    },
    {
        "name":"Prof. Mingguang He",
        "text":"Prof. Mingguang He is the Chair Professor of Experimental Ophthalmology at The Hong Kong Polytechnic University. Prof. He undertook his medical training in China, receiving his MBBS degree from Sun Yat-sen University, Guangzhou, before going on to obtain a Master of Public Health from Johns Hopkins University in Baltimore, a MD degree in Ophthalmology from Sun Yat-sen University, and a PhD in Ophthalmology at UCL Moorfields Eye Hospital, London. Before joining PolyU, Prof. He was the former Associate Director and Professor of Ophthalmology in the Zhongshan Ophthalmic Center (ZOC), Sun Yat-sen University in Guangzhou, China. Prof. He was a NHMRC Leadership Fellow and Professor of Ophthalmic Epidemiology in The University of Melbourne and Centre for Eye Research Australia, as well as Director of the WHO Collaborating Centre for Prevention of Blindness (Australia). Prof. He founded and served as the first president of the Asia Pacific Tele-Ophthalmology Society and is a founding council member of the Asia Pacific Myopia Society and Deputy Secretary-General for the Asia Pacific Academy of Ophthalmology. Prof. He is currently the deputy Editor-in-Chief of the British Journal of Ophthalmology.",
        "url" :"https://www.polyu.edu.hk/so/people/academic-staff/mingguang-he/",
        "appendix":"SO"
    },
    {
        "name":"Prof. Henry CHAN Ho-lung",
        "text":"Prof. Henry Ho-lung CHAN (陳浩龍) completed his undergraduate training in Optometry in The Hong Kong Polytechnic and obtained his PhD in The Hong Kong Polytechnic University in the area of clinical electrophysiology in vision. His current position is Professor in the School of Optometry, The Hong Kong Polytechnic University. He also obtained his fellowship of American Academy of Optometry (FAAO). He is currently the Honorary Associate Professor in the Department of Ophthalmology, The University of Hong Kong. ",
        "url" :"https://www.polyu.edu.hk/so/people/academic-staff/henry-chan/",
        "appendix":"SO"
    },
    {
        "name":"Prof. Allen CHEONG",
        "text":"Dr Allen Cheong received her Bachelor's degree in Optometry with first class honours from The Hong Kong Polytechnic University. She continued her graduate training in the area of low vision at the School of Optometry in Queensland University of Technology under the advisement of Prof. Jan Lovie-Kitchin. Her graduate research was focused on vision rehabilitation and optometric care for low vision patients, in particular their reading performance. Upon receiving her PhD, she conducted her postdoctoral work with Dr Duane Geruschat at the Wilmer Eye Institute, Johns Hopkins University in the area of mobility performance in low vision patients. After a year of postdoctoral training, she joined the Department of Psychology at the University of Minnesota as a research associate continuing her research work in low vision reading and mobility. In September 2008, she joined the School of Optometry at the Hong Kong Polytechnic University as an Assistant Professor. In July 2015, she was promoted to Associate Professor.Dr Cheong has won several awards. Examples are: the Research in Vision and Ophthalmology (ARVO) Foundation / Pauline and Oswald Lapp Travel Grants Awards, Atwell Award of Low Vision Research Group in ARVO, and the International Postgraduate Research Award from Queensland University of Technology. She is a Fellow of the American Academy of Optometry.",
        "url" :"https://www.polyu.edu.hk/so/people/academic-staff/allen-cheong/",
        "appendix":"SO"
    },
    {
        "name":"Prof. Carly LAM",
        "text":"Professor Carly Lam joined The Hong Kong Polytechnic University in 1986. She completed her Bachelors and Masters degrees at the University of Manchester Institute of Science and Technology (The University of Manchester), UK. She obtained her PhD from the Hong Kong Polytechnic University. She was appointed Head of School in 2007 and served till 2013.Professor Lam has long-standing research interests in the areas of myopia control and prevention, children’s vision, and binocular vision and amblyopia training. She has a proven track record of securing funding from various sources, which include external competitive grants (for example, GRF, HMRF, RIF, InnoHK@Health) and over $18M of industrial grants. Professor Lam is also active in knowledge transfer activities with numerous patents granted and filed in Hong Kong, mainland China and other countries.Professor Lam is currently the President of the Asia Pacific Council of Optometry, a Member of the College of Optometrists (UK) and a Fellow of the American Academy of Optometrists. Prof. Lam has served in APCO and the World Council of Optometry (WCO) in various roles for more than 10 years. She serves as the deputy Chair of the Scientific Board of CEVR. She also serves as a member of the Editorial Board of Asia Pacific Journal of Ophthalmology, Annals of Eye Sciences, Review Board of the Journal of Optometry and Visual Performance and has served as a member of the editorial board of Clinical and Experimental Optometry during 2007 to 2013. She is the honorary advisor of The Hong Kong Society of Professional Optometrists, and an Honorary Member of The Association of Private Practice Optometrists. She has served as a member of the Grant Review Board of the Research Council of the Food and Health Bureau of the HKSAR.Professor Lam has served in the regulatory bodies of Optometry in Hong Kong; as a member of the Supplementary Medical Professions Council in Hong Kong, and a member of the Optometrists Board of Hong Kong.She is currently the external examiner for Optometry at Universiti Kebangsaan Malaysia (UKM), Malaysia. She is also currently an Adjunct Professor at Department of Optometry and Vision Sciences at University of Waterloo, Canada and has served as Visiting Professor at Anglia Ruskin University, West China School of Medicine, Sichuan University, Nankai University Eye Hospital and Clinical College of Ophthalmology, Tianjin Medical University, Management and Science University and Tianjin Vocational Institute.Professor Lam received the OPO Bernard Gilmartin Award from the College of Optometrists for Research Excellence in 2015, the Grand Prix of the 46th International Exhibition of Inventions in Geneva, in recognition of her contributions to the development of the Defocused Incorporated Multiple Segments (DIMS) lens for myopia control in children in 2018, and the Gold Medal and a special grand prize at the 39th International Exhibition of Inventions in Geneva in 2011 for the invention of the DISC lens.",
        "url" :"polyu.edu.hk/so/people/academic-staff/carly-lam/",
        "appendix":"SO"
    },
    {
        "name":"Prof. Lei ZHOU",
        "text":"Prof. Zhou Lei obtained his PhD degree from the National University of Singapore. He joined the Singapore Eye Research Institute in 1998 as a Research Fellow and was promoted to Senior Research Fellow in 2004, Principal Research Scientist in 2009, and Senior Principal Research Scientist in 2012. He headed the Ocular Proteomics Laboratory at the Singapore Eye Research Institute. Prof. Zhou moved to Hong Kong in 2022 and holds a joint appointment in the School of Optometry and the Department of Applied Biology and Chemical Technology at The Hong Kong Polytechnic University as a Professor.In 2020, Prof. Zhou received the “Outstanding Achievement Award in Ophthalmology and Visual Science for Overseas Chinese” from the Chinese Ophthalmology Society (COS).Prof. Zhou was a board member of the Singapore Society for Mass Spectrometry (SSMS) from 2012 to 2022. He was also a member of the organizing committees of the 7th Asia Oceania Mass Spectrometry Conference (December 2017, Singapore) and the Joint 11th AOHUPO/ 7th AOAPO Congress (2023, Singapore). He is an Editorial Board member for several journals, including Scientific Reports, Chinese Journal of Experimental Ophthalmology, and Advances in Ophthalmology Practice and Research, and has been a regular reviewer for more than 40 scientific journals over the years. Prof. Zhou has also served as an external examiner for grant proposals, as well as PhD theses from Germany, France, Norway, Italy, India, and Singapore.",
        "url" :"https://www.polyu.edu.hk/so/people/academic-staff/lei-zhou/",
        "appendix":"SO"
    },
    {
        "name":"Dr DO Chi-wai",
        "text":"I received a Bachelor of Science in Optometry from The Hong Kong Polytechnic University (PolyU). After completing my PhD study at the same institution, I worked as a postdoctoral fellow and then a research associate at the University of Pennsylvania School of Medicine in the United States. After that, I returned to my alma mater as assistant professor and I am currently an associate professor in the School of Optometry, PolyU.My research interest lies in the areas of aqueous humor dynamics and glaucoma pathophysiology. My research has been focused on cellular mechanisms responsible for modulating the rate of aqueous humor secretion, outflow facility and intraocular pressure (IOP). I have adopted an integrated approach using both in vitro and in vivo animal models to investigate the regulation of aqueous humor dynamics and its relationship to IOP. My goal is to unravel the mechanisms and signaling cascades underlying the regulation of ion transport and fluid dynamics in the mammalian eyes. Recently, we have also looked into the potential therapeutic functions of Traditional Chinese Medicine (TCM) in eye disease management.",
        "url" :"https://www.polyu.edu.hk/so/people/academic-staff/chi-wai-do/",
        "appendix":"SO"
    },
    {
        "name":"Dr PAN Feng",
        "text":"Dr Feng Pan received his PhD degree from Dr Stephen Massey's laboratory in the Department of Ophthalmology and Visual Science, Neuroscience Program of the University of Texas at Houston and MD Anderson Cancer Center in 2008. Then, as a postdoctoral fellow and research scientist, he worked with Dr Stewart Bloomfield in the Departments of Physiology & Neuroscience and Ophthalmology, New York University School of Medicine and State University of New York, College of Optometry. His research involved using a variety of physiological and anatomical techniques to investigate retinal gap junctions, circuits, and their functions in vision. Dr Pan also had residency and fellowship training in Ophthalmology, performing more than 500 vitreoretinal diseases surgeries, especially laser treatments. During his practice, he offered free surgery to help the needy in China. In 2016, Dr Pan joined the School of Optometry of The Hong Kong Polytechnic University as an Associate Professor. ",
        "url" :"https://www.polyu.edu.hk/so/people/academic-staff/feng-pan/",
        "appendix":"SO"
    },
    {
        "name":"Dr Dennis TSE",
        "text":"Dr Dennis Tse obtained his BSc Optometry and PhD degrees from The Hong Kong Polytechnic University (PolyU). Upon receiving his PhD, he spent two years in Australia as a postdoctoral fellow as part of a collaborative myopia research project between PolyU and the University of Newcastle. In 2011, he joined the Dept. of Ophthalmology of Baylor College of Medicine in the United States, where he received further postdoctoral training on retinal physiology from Prof. Samuel Miao-Sin Wu. He returned to his alma mater to serve as a Research Assistant Professor in late 2014. He was promoted to Assistant Professor and Associate Professor in 2016 and 2020, respectively.",
        "url" :"https://www.polyu.edu.hk/so/people/academic-staff/dennis-tse/",
        "appendix":"SO"
    },
    {
        "name":"Dr Tina LIAN",
        "text":"Dr Lian received her PhD degree in Health Economics and Health Services Research, from the School of Public Health, The University of Hong Kong in 2013. Her PhD study was the evaluation of the effectiveness and cost-effectiveness of the first pilot study of systematic screening for diabetic retinopathy in Hong Kong. In 2014, she joined the Department of Ophthalmology and the Department of Family Medicine and Primary Care, The University of Hong Kong as a post-doctoral fellow. Since then, she has continued to develop the screening project at different levels of the health care system and to work on methods of improving its efficiency. She participated in teaching health economics to Master’s students. In 2017, she joined the School of Optometry of The Hong Kong Polytechnic University as Research Assistant Professor.",
        "url" :"https://www.polyu.edu.hk/so/people/academic-staff/tina-lian/",
        "appendix":"SO"
    },
    {
        "name":"Dr Samuel ABOKYI",
        "text":"Dr Samuel Abokyi is a Research Assistant Professor in the School of Optometry at The Hong Kong Polytechnic University (PolyU), Hong Kong. Before this appointment, Dr Abokyi worked as a Lecturer/Assistant Lecturer in the Department of Optometry of the University of Cape Coast (UCC) in Ghana for almost a decade. His other past employment history includes working as Research Associate (part-time) at PolyU and as Teaching Assistant and Principal Research Assistant at UCC. He obtained his PhD in Vision Science from PolyU, in 2021. Also, he holds other educational qualifications, including Doctor of Optometry (2010) from UCC and MPhil in Pharmacology (2015) from the Kwame Nkrumah University of Science and Technology in Ghana.Dr Abokyi has a special interest in eye disorders associated with aging, systemic diseases, and neurodegeneration. His research domain cuts across basic translational and clinical studies. His PhD work investigated the role of autophagy in cellular and animal models of age-related macular degeneration (AMD). In that study, it was demonstrated that oxidative stress in the retinal pigment epithelium (RPE) leads to lysosomal dysfunction and autophagy defect. More interestingly, it was determined that upregulating autophagy with trehalose, a natural disaccharide, was protective against RPE oxidative damage, which is a crucial factor in AMD pathophysiology. These findings have been published in peer-reviewed journals, including Oxidative Medicine and Cellular Longevity and the International Journal of Molecular Sciences. In addition, he has had several clinical studies published in top-ranked Ophthalmology and Optometry journals, including Eye (nature), Experimental Eye Research, Contact lens and Anterior Eye, Current Eye Research, and Ophthalmic and Physiological Optics. He serves as a regular reviewer for many reputable journals, including Optometry and Vision Science, Experimental Eye Research, and Annals of the New York Academy of Sciences.Dr Abokyi’s contributions and promising career as an early researcher have been recognised. He was awarded the Hong Kong PhD Fellowship by the University Grant Council of Hong Kong in 2016. In 2021, he was awarded the Best College-Level Researcher in the College of Health and Allied Sciences in UCC by the Directorate of Research, Innovation and Consultancy.",
        "url" :"https://www.polyu.edu.hk/so/people/academic-staff/samuel-abokyi/",
        "appendix":"SO"
    },
    {
        "name":"Dr Jennifer BIAN",
        "text":"Dr Jennifer Bian obtained a first-class honours degree in Clinical Medicine from the School of Optometry and Ophthalmology of the Tianjin Medical University in 2009. From 2009 to 2012, she worked at the Tianjin Medical University Eye Hospital, gaining experience in Optometry and Ophthalmology. She later received a scholarship from PolyU to pursue postgraduate study, obtaining her PhD degree at the School of Optometry (SO) in 2021. Her PhD thesis mainly focused on Proteomics in a lens-induced myopia (LIM) guinea pig model. In addition to her PhD study, she also actively participated in various research projects associated with myopia, glaucoma, and tear biomarkers. She has actively participated in international conferences, at which she obtained three conference awards. She also actively serves as a member of The Hong Kong Society of Mass Spectrometry, and the Ophthalmic Testing Group of the Ophthalmology Professional Committee of the China Medical Equipment Association. Dr Bian worked as a Postdoctoral Fellow under a project supported by the Research Centre for SHARP Vision (RCSV) of PolyU Academy for Interdisciplinary Research (PAIR) before joining SO as a Research Assistant Professor in 2023.",
        "url" :"https://www.polyu.edu.hk/so/people/academic-staff/jennifer-bian/",
        "appendix":"SO"
    },
    {
        "name":"Dr Kai-yip CHOI",
        "text":"Dr Choi Kai-yip obtained his BSc and PhD degrees in Optometry from The Hong Kong Polytechnic University in 2014 and 2021, respectively. He has been providing optometric clinical care in the Optometry Clinic since 2014, specialising in Visual Electrophysiology under the supervision of Dr Henry Chan. Dr Choi has also actively participated in optometry clinical and pre-clinical training, as well as outbound vision screening service-learning projects to tutor students from other disciplines and serve the needy. In addition, he has been invited by the Hospital Authority and professional societies to deliver Continuing Professional Development seminars.Dr Choi’s doctoral dissertation was recognised and received the 2020/21 Faculty Distinguished Thesis Award of Faculty of Health and Social Sciences. Publications of his work also received awards as highly-cited articles in an international journal in both 2017/18 and 2020/21. Combining his research interests and the passion to serve the community, Dr Choi has collaborated with NGO partners and experts from other disciplines to work on improving the well-being of the underprivileged, particularly those suffering from substandard living environments.",
        "url" :"https://www.polyu.edu.hk/so/people/academic-staff/kai-yip-choi/",
        "appendix":"SO"
    },
    {
        "name":"Dr Rachel CHUN",
        "text":"Dr Rachel Chun obtained her Bachelor degree in Optometry with first class honours from The Hong Kong Polytechnic University (PolyU) in 2003. She then received a scholarship from PolyU for pursuing postgraduate study and obtained her PhD degree in 2010. Her PhD study was the role of cAMP and ApoA1 in avian eye growth using a proteomic approach. Her dissertation was designated a Distinguished Thesis by the Faculty of Health and Social Sciences of PolyU. Upon receiving her PhD, she participated in teaching as an Instructor in the School of Optometry from 2011 to 2013. Since then, she has gained clinical experience in myopia control as an Optometrist and Senior Optometrist in the PolyU Optometry Clinic. She continues to devote herself to conducting clinical studies and trials based on the knowledge gained from basic science research. In 2020, she joined the School of Optometry of PolyU as a Research Assistant Professor.",
        "url" :"https://www.polyu.edu.hk/so/people/academic-staff/rachel-chun/",
        "appendix":"SO"
    },
    {
        "name":"Dr Elie de LESTRANGE-ANGINIEUR",
        "text":"Dr Elie de LESTRANGE-ANGINIEUR received his master’s degree in Optics, Matter and Plasma from the University of Paris in 2007. He obtained his PhD degree in 2013 from the Applied Optics group, National University of Ireland, NUIG Galway for his work on the visual effects of higher-order aberrations in the human eye, using the adaptive optics technique. He later joined the Department of Biomedical Engineering, College of Engineering, Peking University to work on the imaging of small animal eyes. Based on visual psychophysics, modeling, and optical instrumentation, Dr de LESTRANGE-ANGINIEUR’s current research interest focuses on the relation between retinal blurs and neural processing.",
        "url" :"https://www.polyu.edu.hk/so/people/academic-staff/elie-de-lestrange-anginieur/",
        "appendix":"SO"
    },
    {
        "name":"Dr Jeffrey LEUNG",
        "text":"Dr Jeffrey Leung is currently a Research Assistant Professor at the School of Optometry, The Hong Kong Polytechnic University (PolyU) teaching Clinical Binocular Vision, and Ophthalmic Optics and Dispensing. He received his Bachelor’s degree in Optometry and PhD degree from PolyU in 2008 and 2014 respectively. After obtaining his PhD degree, he joined the School as an Optometrist in the Optometry Clinic to conduct clinical research and provide clinical service to the public. He was also a team member of two specialty groups focusing on high myopia and pediatric eye care. In addition to teaching and clinical service, he has been serving as a technical expert for Hong Kong Accreditation Service of Innovation and Technology Commission to provide consultancy advice for ophthalmic laboratory testing.",
        "url" :"https://www.polyu.edu.hk/so/people/academic-staff/jeffrey-leung/",
        "appendix":"SO"
    },
    {
        "name":"Dr Samantha SHAN",
        "text":"Dr Samantha SW Shan obtained her Bachelor’s degree in Biochemistry from The Chinese University of Hong Kong (CUHK). After completing her undergraduate studies, she obtained her PhD degree in the Department of Anatomy in CUHK (which is now under the School of Biomedical Science). Following this, she spent about four years as a Postdoctoral Fellow in the Sunnybrook Health Science Centre, an affiliated hospital of University of Toronto, Canada, where she was involved in microRNA studies associated with hepatocellular carcinoma in microRNA-transgenic mice. Her work was very well received in conference presentations and resulted in a number of publications in high impact journals, including Nature Cell Biology, FASEB Journal and the Journal of Cell Science. Prior to joining The Hong Kong Polytechnic University, she has worked as a laboratory director in a private cord blood bank in Hong Kong for three years. Dr Shan joined School of Optometry as a Research Fellow in 2014 and is currently a Research Assistant Professor in the School.Dr Shan has more than ten year’s local and overseas experience in molecular research. She is proficient in adopting both genomic and proteomic approaches in her work. Dr Shan’s research interest is the pathophysiology of glaucoma. Her research is attempting to unravel the mechanisms of aqueous humor secretion, outflow facility, and intraocular pressure (IOP). Her research associated with ocular health has been published in international journals including Investigative Ophthalmology and Vision Science, Scientific Reports, Journal of Proteomics, J. Proteome Research and Oxidative Medicine and Cellular Longevity.",
        "url" :"https://www.polyu.edu.hk/so/people/academic-staff/samantha-shan/",
        "appendix":"SO"
    },
    {
        "name":"Dr Ellen TAN",
        "text":"Dr Tan obtained a Bachelor’s degree in clinical medicine from Xiangya Medical School, Central South University, China, in 2010. She then completed her MSc and PhD degrees at the Department of Ophthalmology and Visual Sciences, The Chinese University of Hong Kong, in 2011 and 2014 respectively. From 2015 to 2017, Dr Tan was a Postdoctoral Clinician Researcher at the Department of Ophthalmology, Chinese People’s Liberation Army General Hospital. From 2018 to 2020, she worked as an Associate Consultant in Ophthalmology in Joint Shantou International Eye Center of Shantou University and The Chinese University of Hong Kong, China. Dr Tan joined the School of Optometry of The Hong Kong Polytechnic University in 2020 as a Research Assistant Professor.In addition to the diagnosis and treatment of common diseases in ophthalmology, Dr Tan is an expert in glaucoma and neuro-ophthalmic diseases. She has provided clinical service to thousands of ophthalmological patients every year. She also joined several poverty alleviation projects, including a charity programme for cataract screening and operations in rural areas, and a training programme under the Lifeline Express Foundation.",
        "url" :"https://www.polyu.edu.hk/so/people/academic-staff/ellen-tan/",
        "appendix":"SO"
    },
    {
        "name":"Dr Liping ZHOU",
        "text":"Dr Zhou Liping obtained a first class honours degree in Medicine and a Master’s degree in Physiology from the Medical College of Qingdao University, China in 2008 and 2011, respectively. In 2017, she completed her PhD degree at the Department of Applied Biology and Chemical Technology of The Hong Kong Polytechnic University (PolyU), Hong Kong. Her PhD thesis and subsequent research work mainly focused on the beneficial effects of Chinese Medicine against aging-related degenerative disorders, as well as the possible mechanisms involved. From 2020 to 2022, Dr Zhou was trained as a Postdoctoral Research Fellow at the Cell Therapy Center of Xuanwu Hospital Capital Medical University, where she accumulated experience in stem cell-based regenerative medicine. Dr Zhou joined PolyU’s School of Optometry in 2022 as a Research Assistant Professor.",
        "url" :"https://www.polyu.edu.hk/so/people/academic-staff/liping-zhou/",
        "appendix":"SO"
    },
    {
        "name":"Dr Ken WAN",
        "text":"Dr Wan Kin received his Bachelor of Science (Honours) in Optometry and Doctor of Philosophy in Optometry from The Hong Kong Polytechnic University in 2014 and 2021, respectively. His doctoral studies mainly focused on the anterior segment of the eye and orthokeratology, which earned him the 2021/22 Faculty Distinguished Thesis Award from the Faculty of Health and Social Science. Dr Wan has been involved in teaching and clinical care at the School of Optometry as a Resident Optometrist, Senior Resident Optometrist and Visiting Clinical Associate. He has also been passionate about community service since his undergraduate days, and as a result, has received several awards, including the HKAPPO Community Service Award, the HKAPPO Best Community Project Award, the Outstanding Student Award from The Hong Kong Polytechnic University, and the Reaching Out Award from the HKSAR Government.",
        "url" :"https://www.polyu.edu.hk/so/people/academic-staff/ken-wan/",
        "appendix":"SO"
    },
    {
        "name":"Dr Jessica NEUVILLE",
        "text":"Jessica Neuville received her Doctor of Optometry degree from the University of California, Berkeley. After completing a residency at the Kansas City VAMC in ocular disease and low vision, she became a faculty member at Midwestern University, Arizona College of Optometry. In 2015, she joined the Hong Kong Polytechnic University as a Clinical Associate. Dr. Neuville’s areas of teaching include clinical skills, ocular pathology and ocular pharmacology. She was the recipient of the Faculty Prize for Outstanding Achievement in Teaching in 2021 and Faculty Team Award for Outstanding Achievement in Teaching in 2022. She is a fellow of the American Academy of Optometry and serves on the education committee of the World Council of Optometry. Her current interests include the development of new eLearning strategies to enhance students’ learning experience.",
        "url" :"https://www.polyu.edu.hk/so/people/academic-staff/jessica-neuville/",
        "appendix":"SO"
    },
    {
        "name":"Mr Jimmy TSE",
        "text":"Mr Jimmy Tse graduated from The Hong Kong Polytechnic University (PolyU) with a BSc (Hons) in Optometry in 2007. After completing a two-year residency programme, specializing in contact lens and anterior segment, he joined the School of Optometry of PolyU as a full-time Optometrist in 2011. He later obtained his Master of Science in Optometry degree with distinction in 2015 from PolyU and was promoted to Senior Optometrist in the same year. He is currently a Clinical Associate of the School of Optometry and the team leader of the specialty contact lens team in the Optometry ClinicMr Tse obtained his fellowship of the American Academy of Optometry (FAAO) in 2009 and fellowship of the British Contact Lens Association (FBCLA) in 2011. He is currently a councilor of The Hong Kong Society of Professional Optometrists (HKSPO).Mr Tse’s clinical interests encompass ocular surface disease management and specialty contact lens fitting, including orthokeratology and scleral lenses. He is involved in clinical and didactic teaching in the undergraduate and continuing education programs and is one of the mentors in the residency programme specializing in anterior eye and specialty contact lenses.",
        "url" :"https://www.polyu.edu.hk/so/people/academic-staff/jimmy-tse/",
        "appendix":"SO"
    },
    {
        "name":"Dr Lydia YU",
        "text":"Dr Lydia Yu received her Bachelor of Science (Honours) in Optometry with first class honours from The Hong Kong Polytechnic University (PolyU) and was included on the Dean’s Honours List.  Dr Yu then conducted basic research in the Department of Eye and Vision Sciences of the University of Liverpool in the United Kingdom and completed her Doctor of Philosophy degree at the Department of Ophthalmology of The University of Hong Kong in the field of regenerative medicine. Upon graduation, she returned to her alma mater, School of Optometry at PolyU and served as an Optometrist. She joined the School as a Clinical Associate in 2022.Dr Yu’s clinical and research interests focus on vision rehabilitation and optometric care for low vision patients, visual electrophysiology, and myopia management. Dr Yu’s excellence in teaching and clinical services has been recognized. She received the Outstanding Clinic Staff Award 2021/22 and the Faculty Prize for Outstanding Performance/Achievement in Teaching 2014/15 with the teaching team for the GUR subject “Learning Through Providing Eye Care and Vision Health to the Community” (SO2S01).",
        "url" :"https://www.polyu.edu.hk/so/people/academic-staff/lydia-yu/",
        "appendix":"SO"
    },
    {
        "name":"Prof. YIP Shea-ping",
        "text":"Diploma in Medical Laboratory Science, Hong Kong PolytechnicHigher Certificate in Medical Laboratory Technology, University of Hong Kong (Department of Extra-Mural Studies )Master of Philosophy, Hong Kong PolytechnicDoctor of Philosophy, University of London",
        "url" :"polyu.edu.hk/so/people/affiliate-faculty-members/shea-ping-yip/",
        "appendix":"SO"
    }
]